DATETIME,price
2005-02-23,0.876
2005-02-24,0.876
2005-02-25,0.88
2005-02-28,0.872
2005-03-01,0.867
2005-03-02,0.859
2005-03-03,0.859
2005-03-04,0.86
2005-03-07,0.862
2005-03-08,0.874
2005-03-09,0.873
2005-03-10,0.853
2005-03-11,0.855
2005-03-14,0.857
2005-03-15,0.843
2005-03-16,0.834
2005-03-17,0.828
2005-03-18,0.824
2005-03-21,0.824
2005-03-22,0.808
2005-03-23,0.804
2005-03-24,0.806
2005-03-25,0.805
2005-03-28,0.802
2005-03-29,0.805
2005-03-30,0.793
2005-03-31,0.794
2005-04-01,0.829
2005-04-04,0.81
2005-04-05,0.805
2005-04-06,0.818
2005-04-07,0.824
2005-04-08,0.836
2005-04-11,0.83
2005-04-12,0.821
2005-04-13,0.84
2005-04-14,0.828
2005-04-15,0.818
2005-04-18,0.808
2005-04-19,0.811
2005-04-20,0.797
2005-04-21,0.797
2005-04-22,0.798
2005-04-25,0.79
2005-04-26,0.793
2005-04-27,0.788
2005-04-28,0.797
2005-04-29,0.788
2005-05-09,0.78
2005-05-10,0.783
2005-05-11,0.777
2005-05-12,0.76
2005-05-13,0.762
2005-05-16,0.75
2005-05-17,0.754
2005-05-18,0.755
2005-05-19,0.755
2005-05-20,0.757
2005-05-23,0.743
2005-05-24,0.741
2005-05-25,0.743
2005-05-26,0.736
2005-05-27,0.73
2005-05-30,0.736
2005-05-31,0.738
2005-06-01,0.726
2005-06-02,0.707
2005-06-03,0.705
2005-06-06,0.72
2005-06-07,0.72
2005-06-08,0.781
2005-06-09,0.789
2005-06-10,0.775
2005-06-13,0.774
2005-06-14,0.768
2005-06-15,0.755
2005-06-16,0.766
2005-06-17,0.772
2005-06-20,0.804
2005-06-21,0.794
2005-06-22,0.798
2005-06-23,0.794
2005-06-24,0.794
2005-06-27,0.808
2005-06-28,0.802
2005-06-29,0.791
2005-06-30,0.769
2005-07-01,0.767
2005-07-04,0.761
2005-07-05,0.754
2005-07-06,0.75
2005-07-07,0.75
2005-07-08,0.743
2005-07-11,0.741
2005-07-12,0.772
2005-07-13,0.765
2005-07-14,0.768
2005-07-15,0.766
2005-07-18,0.764
2005-07-19,0.763
2005-07-20,0.772
2005-07-21,0.775
2005-07-22,0.787
2005-07-25,0.784
2005-07-26,0.796
2005-07-27,0.803
2005-07-28,0.799
2005-07-29,0.797
2005-08-01,0.798
2005-08-02,0.805
2005-08-03,0.807
2005-08-04,0.805
2005-08-05,0.827
2005-08-08,0.828
2005-08-09,0.829
2005-08-10,0.83
2005-08-11,0.84
2005-08-12,0.836
2005-08-15,0.854
2005-08-16,0.839
2005-08-17,0.85
2005-08-18,0.824
2005-08-19,0.83
2005-08-22,0.836
2005-08-23,0.83
2005-08-24,0.84
2005-08-25,0.84
2005-08-26,0.84
2005-08-29,0.83
2005-08-30,0.826
2005-08-31,0.835
2005-09-01,0.844
2005-09-02,0.845
2005-09-05,0.845
2005-09-06,0.834
2005-09-07,0.839
2005-09-08,0.841
2005-09-09,0.841
2005-09-12,0.84
2005-09-13,0.845
2005-09-14,0.85
2005-09-15,0.848
2005-09-16,0.846
2005-09-19,0.845
2005-09-20,0.839
2005-09-21,0.83
2005-09-22,0.813
2005-09-23,0.808
2005-09-26,0.812
2005-09-27,0.8
2005-09-28,0.802
2005-09-29,0.809
2005-09-30,0.808
2005-10-10,0.799
2005-10-11,0.807
2005-10-12,0.806
2005-10-13,0.799
2005-10-14,0.784
2005-10-17,0.781
2005-10-18,0.782
2005-10-19,0.781
2005-10-20,0.79
2005-10-21,0.789
2005-10-24,0.787
2005-10-25,0.78
2005-10-26,0.763
2005-10-27,0.765
2005-10-28,0.76
2005-10-31,0.77
2005-11-01,0.767
2005-11-02,0.773
2005-11-03,0.766
2005-11-04,0.77
2005-11-07,0.766
2005-11-08,0.772
2005-11-09,0.766
2005-11-10,0.755
2005-11-11,0.756
2005-11-14,0.752
2005-11-15,0.752
2005-11-16,0.755
2005-11-17,0.757
2005-11-18,0.774
2005-11-21,0.775
2005-11-22,0.761
2005-11-23,0.766
2005-11-24,0.776
2005-11-25,0.783
2005-11-28,0.778
2005-11-29,0.77
2005-11-30,0.774
2005-12-01,0.773
2005-12-02,0.772
2005-12-05,0.766
2005-12-06,0.775
2005-12-07,0.781
2005-12-08,0.779
2005-12-09,0.792
2005-12-12,0.79
2005-12-13,0.788
2005-12-14,0.794
2005-12-15,0.794
2005-12-16,0.798
2005-12-19,0.798
2005-12-20,0.801
2005-12-21,0.802
2005-12-22,0.805
2005-12-23,0.81
2005-12-26,0.813
2005-12-27,0.809
2005-12-28,0.809
2005-12-29,0.817
2005-12-30,0.812
2006-01-04,0.829
2006-01-05,0.848
2006-01-06,0.854
2006-01-09,0.858
2006-01-10,0.855
2006-01-11,0.848
2006-01-12,0.854
2006-01-13,0.846
2006-01-16,0.833
2006-01-17,0.839
2006-01-18,0.856
2006-01-19,0.858
2006-01-20,0.856
2006-01-23,0.86
2006-01-24,0.854
2006-01-25,0.863
2006-02-06,0.878
2006-02-07,0.873
2006-02-08,0.877
2006-02-09,0.865
2006-02-10,0.879
2006-02-13,0.876
2006-02-14,0.877
2006-02-15,0.885
2006-02-16,0.875
2006-02-17,0.875
2006-02-20,0.872
2006-02-21,0.887
2006-02-22,0.882
2006-02-23,0.89
2006-02-24,0.898
2006-02-27,0.901
2006-02-28,0.911
2006-03-01,0.919
2006-03-02,0.901
2006-03-03,0.902
2006-03-06,0.897
2006-03-07,0.881
2006-03-08,0.877
2006-03-09,0.872
2006-03-10,0.874
2006-03-13,0.882
2006-03-14,0.878
2006-03-15,0.885
2006-03-16,0.882
2006-03-17,0.881
2006-03-20,0.891
2006-03-21,0.892
2006-03-22,0.897
2006-03-23,0.894
2006-03-24,0.895
2006-03-27,0.897
2006-03-28,0.904
2006-03-29,0.912
2006-03-30,0.906
2006-03-31,0.91
2006-04-03,0.92
2006-04-04,0.925
2006-04-05,0.932
2006-04-06,0.93
2006-04-07,0.919
2006-04-10,0.932
2006-04-11,0.936
2006-04-12,0.933
2006-04-13,0.92
2006-04-14,0.938
2006-04-17,0.947
2006-04-18,0.95
2006-04-19,0.952
2006-04-20,0.939
2006-04-21,0.962
2006-04-24,0.961
2006-04-25,0.942
2006-04-26,0.963
2006-04-27,0.964
2006-04-28,0.992
2006-05-08,1.026
2006-05-09,1.046
2006-05-10,1.052
2006-05-11,1.043
2006-05-12,1.08
2006-05-15,1.139
2006-05-16,1.104
2006-05-17,1.107
2006-05-18,1.105
2006-05-19,1.101
2006-05-22,1.1
2006-05-23,1.064
2006-05-24,1.066
2006-05-25,1.065
2006-05-26,1.09
2006-05-29,1.108
2006-05-30,1.114
2006-05-31,1.11
2006-06-01,1.138
2006-06-02,1.137
2006-06-05,1.124
2006-06-06,1.122
2006-06-07,1.073
2006-06-08,1.079
2006-06-09,1.061
2006-06-12,1.061
2006-06-13,1.058
2006-06-14,1.052
2006-06-15,1.053
2006-06-16,1.076
2006-06-19,1.083
2006-06-20,1.088
2006-06-21,1.087
2006-06-22,1.084
2006-06-23,1.092
2006-06-26,1.117
2006-06-27,1.117
2006-06-28,1.117
2006-06-29,1.138
2006-06-30,1.136
2006-07-03,1.161
2006-07-04,1.15
2006-07-05,1.123
2006-07-06,1.14
2006-07-07,1.128
2006-07-10,1.127
2006-07-11,1.13
2006-07-12,1.132
2006-07-13,1.085
2006-07-14,1.091
2006-07-17,1.097
2006-07-18,1.094
2006-07-19,1.07
2006-07-20,1.076
2006-07-21,1.088
2006-07-24,1.088
2006-07-25,1.1
2006-07-26,1.1
2006-07-27,1.092
2006-07-28,1.08
2006-07-31,1.052
2006-08-01,1.043
2006-08-02,1.035
2006-08-03,1.039
2006-08-04,1.024
2006-08-07,1.008
2006-08-08,1.024
2006-08-09,1.028
2006-08-10,1.042
2006-08-11,1.04
2006-08-14,1.026
2006-08-15,1.038
2006-08-16,1.048
2006-08-17,1.039
2006-08-18,1.042
2006-08-21,1.043
2006-08-22,1.052
2006-08-23,1.055
2006-08-24,1.06
2006-08-25,1.064
2006-08-28,1.085
2006-08-29,1.081
2006-08-30,1.078
2006-08-31,1.077
2006-09-01,1.064
2006-09-04,1.076
2006-09-05,1.081
2006-09-06,1.09
2006-09-07,1.078
2006-09-08,1.081
2006-09-11,1.087
2006-09-12,1.101
2006-09-13,1.104
2006-09-14,1.102
2006-09-15,1.13
2006-09-18,1.148
2006-09-19,1.133
2006-09-20,1.129
2006-09-21,1.144
2006-09-22,1.132
2006-09-25,1.127
2006-09-26,1.114
2006-09-27,1.125
2006-09-28,1.142
2006-09-29,1.156
2006-10-09,1.186
2006-10-10,1.191
2006-10-11,1.19
2006-10-12,1.187
2006-10-13,1.186
2006-10-16,1.169
2006-10-17,1.161
2006-10-18,1.185
2006-10-19,1.189
2006-10-20,1.192
2006-10-23,1.173
2006-10-24,1.194
2006-10-25,1.201
2006-10-26,1.217
2006-10-27,1.201
2006-10-30,1.213
2006-10-31,1.233
2006-11-01,1.251
2006-11-02,1.246
2006-11-03,1.267
2006-11-06,1.285
2006-11-07,1.303
2006-11-08,1.283
2006-11-09,1.312
2006-11-10,1.308
2006-11-13,1.286
2006-11-14,1.3
2006-11-15,1.333
2006-11-16,1.302
2006-11-17,1.327
2006-11-20,1.364
2006-11-21,1.37
2006-11-22,1.38
2006-11-23,1.389
2006-11-24,1.383
2006-11-27,1.375
2006-11-28,1.36
2006-11-29,1.38
2006-11-30,1.416
2006-12-01,1.421
2006-12-04,1.481
2006-12-05,1.487
2006-12-06,1.483
2006-12-07,1.498
2006-12-08,1.438
2006-12-11,1.52
2006-12-12,1.527
2006-12-13,1.52
2006-12-14,1.547
2006-12-15,1.574
2006-12-18,1.608
2006-12-19,1.615
2006-12-20,1.641
2006-12-21,1.617
2006-12-22,1.588
2006-12-25,1.627
2006-12-26,1.636
2006-12-27,1.69
2006-12-28,1.699
2006-12-29,1.788
2007-01-04,1.801
2007-01-05,1.776
2007-01-08,1.829
2007-01-09,1.904
2007-01-10,1.924
2007-01-11,1.898
2007-01-12,1.837
2007-01-15,1.917
2007-01-16,1.944
2007-01-17,1.91
2007-01-18,1.906
2007-01-19,1.968
2007-01-22,2.053
2007-01-23,2.085
2007-01-24,2.11
2007-01-25,2.07
2007-01-26,2.151
2007-01-29,2.2
2007-01-30,2.177
2007-01-31,2.035
2007-02-01,2.025
2007-02-02,1.932
2007-02-05,1.884
2007-02-06,1.946
2007-02-07,1.987
2007-02-08,2.005
2007-02-09,1.98
2007-02-12,2.068
2007-02-13,2.085
2007-02-14,2.155
2007-02-15,2.218
2007-02-16,2.212
2007-02-26,2.215
2007-02-27,2.021
2007-02-28,2.074
2007-03-01,2.016
2007-03-02,2.043
2007-03-05,1.996
2007-03-06,2.051
2007-03-07,2.103
2007-03-08,2.113
2007-03-09,2.111
2007-03-12,2.101
2007-03-13,2.11
2007-03-14,2.067
2007-03-15,2.107
2007-03-16,2.074
2007-03-19,2.152
2007-03-20,2.147
2007-03-21,2.173
2007-03-22,2.18
2007-03-23,2.176
2007-03-26,2.207
2007-03-27,2.21
2007-03-28,2.251
2007-03-29,2.274
2007-03-30,2.259
2007-04-02,2.31
2007-04-03,2.332
2007-04-04,2.342
2007-04-05,2.348
2007-04-06,2.353
2007-04-09,2.405
2007-04-10,2.427
2007-04-11,2.461
2007-04-12,2.498
2007-04-13,2.471
2007-04-16,2.542
2007-04-17,2.531
2007-04-18,2.515
2007-04-19,2.412
2007-04-20,2.503
2007-04-23,2.612
2007-04-24,2.609
2007-04-25,2.638
2007-04-26,2.656
2007-04-27,2.635
2007-04-30,2.675
2007-05-08,2.763
2007-05-09,2.785
2007-05-10,2.81
2007-05-11,2.788
2007-05-14,2.821
2007-05-15,2.72
2007-05-16,2.768
2007-05-17,2.808
2007-05-18,2.788
2007-05-21,2.793
2007-05-22,2.82
2007-05-23,2.857
2007-05-24,2.83
2007-05-25,2.869
2007-05-28,2.926
2007-05-29,2.98
2007-05-30,2.737
2007-05-31,2.879
2007-06-01,2.859
2007-06-04,2.697
2007-06-05,2.716
2007-06-06,2.707
2007-06-07,2.789
2007-06-08,2.801
2007-06-11,2.85
2007-06-12,2.915
2007-06-13,2.999
2007-06-14,2.962
2007-06-15,2.984
2007-06-18,3.08
2007-06-19,3.066
2007-06-20,3.023
2007-06-21,3.048
2007-06-22,2.986
2007-06-25,2.917
2007-06-26,2.94
2007-06-27,3.038
2007-06-28,2.961
2007-06-29,2.891
2007-07-02,2.925
2007-07-03,2.94
2007-07-04,2.873
2007-07-05,2.769
2007-07-06,2.837
2007-07-09,2.93
2007-07-10,2.914
2007-07-11,2.916
2007-07-12,2.954
2007-07-13,2.958
2007-07-16,2.86
2007-07-17,2.943
2007-07-18,2.958
2007-07-19,2.947
2007-07-20,3.089
2007-07-23,3.202
2007-07-24,3.203
2007-07-25,3.287
2007-07-26,3.277
2007-07-27,3.244
2007-07-30,3.336
2007-07-31,3.362
2007-08-01,3.256
2007-08-02,3.341
2007-08-03,3.5
2007-08-06,3.55
2007-08-07,3.56
2007-08-08,3.537
2007-08-09,3.656
2007-08-10,3.649
2007-08-13,3.669
2007-08-14,3.706
2007-08-15,3.719
2007-08-16,3.641
2007-08-17,3.554
2007-08-20,3.79
2007-08-21,3.819
2007-08-22,3.87
2007-08-23,3.917
2007-08-24,4.026
2007-08-27,4.041
2007-08-28,4.04
2007-08-29,3.99
2007-08-30,4.02
2007-08-31,4.06
2007-09-03,4.155
2007-09-04,4.086
2007-09-05,4.083
2007-09-06,4.126
2007-09-07,4.06
2007-09-10,4.11
2007-09-11,3.954
2007-09-12,3.966
2007-09-13,4.056
2007-09-14,4.069
2007-09-17,4.175
2007-09-18,4.14
2007-09-19,4.09
2007-09-20,4.138
2007-09-21,4.095
2007-09-24,4.139
2007-09-25,4.109
2007-09-26,4.049
2007-09-27,4.103
2007-09-28,4.243
2007-10-08,4.295
2007-10-09,4.314
2007-10-10,4.352
2007-10-11,4.475
2007-10-12,4.457
2007-10-15,4.587
2007-10-16,4.599
2007-10-17,4.546
2007-10-18,4.38
2007-10-19,4.348
2007-10-22,4.255
2007-10-23,4.36
2007-10-24,4.404
2007-10-25,4.24
2007-10-26,4.308
2007-10-29,4.392
2007-10-30,4.442
2007-10-31,4.445
2007-11-01,4.407
2007-11-02,4.311
2007-11-05,4.228
2007-11-06,4.204
2007-11-07,4.226
2007-11-08,4.034
2007-11-09,3.999
2007-11-12,3.952
2007-11-13,3.924
2007-11-14,4.108
2007-11-15,4.029
2007-11-16,3.971
2007-11-19,3.954
2007-11-20,3.996
2007-11-21,3.96
2007-11-22,3.804
2007-11-23,3.862
2007-11-26,3.784
2007-11-27,3.774
2007-11-28,3.722
2007-11-29,3.913
2007-11-30,3.82
2007-12-03,3.856
2007-12-04,3.89
2007-12-05,4.0
2007-12-06,3.985
2007-12-07,4.06
2007-12-10,4.114
2007-12-11,4.084
2007-12-12,4.003
2007-12-13,3.865
2007-12-14,3.942
2007-12-17,3.839
2007-12-18,3.81
2007-12-19,3.901
2007-12-20,3.975
2007-12-21,4.027
2007-12-24,4.086
2007-12-25,4.082
2007-12-26,4.105
2007-12-27,4.184
2007-12-28,4.151
2008-01-02,4.141
2008-01-03,4.156
2008-01-04,4.203
2008-01-07,4.253
2008-01-08,4.266
2008-01-09,4.328
2008-01-10,4.343
2008-01-11,4.402
2008-01-14,4.437
2008-01-15,4.37
2008-01-16,4.235
2008-01-17,4.151
2008-01-18,4.165
2008-01-21,3.969
2008-01-22,3.698
2008-01-23,3.845
2008-01-24,3.825
2008-01-25,3.881
2008-01-28,3.621
2008-01-29,3.635
2008-01-30,3.552
2008-01-31,3.512
2008-02-01,3.501
2008-02-04,3.851
2008-02-05,3.777
2008-02-13,3.683
2008-02-14,3.721
2008-02-15,3.653
2008-02-18,3.715
2008-02-19,3.798
2008-02-20,3.694
2008-02-21,3.645
2008-02-22,3.5
2008-02-25,3.384
2008-02-26,3.409
2008-02-27,3.493
2008-02-28,3.469
2008-02-29,3.501
2008-03-03,3.58
2008-03-04,3.459
2008-03-05,3.423
2008-03-06,3.458
2008-03-07,3.421
2008-03-10,3.294
2008-03-11,3.294
2008-03-12,3.207
2008-03-13,3.136
2008-03-14,3.115
2008-03-17,3.027
2008-03-18,2.912
2008-03-19,2.994
2008-03-20,3.052
2008-03-21,3.057
2008-03-24,2.914
2008-03-25,2.924
2008-03-26,2.94
2008-03-27,2.82
2008-03-28,2.958
2008-03-31,2.866
2008-04-01,2.763
2008-04-02,2.788
2008-04-03,2.872
2008-04-07,2.989
2008-04-08,2.982
2008-04-09,2.844
2008-04-10,2.873
2008-04-11,2.882
2008-04-14,2.718
2008-04-15,2.74
2008-04-16,2.68
2008-04-17,2.606
2008-04-18,2.539
2008-04-21,2.575
2008-04-22,2.61
2008-04-23,2.718
2008-04-24,2.99
2008-04-25,2.985
2008-04-28,2.912
2008-04-29,2.943
2008-04-30,3.111
2008-05-05,3.135
2008-05-06,3.087
2008-05-07,2.963
2008-05-08,3.02
2008-05-09,2.961
2008-05-12,2.973
2008-05-13,2.925
2008-05-14,3.014
2008-05-15,2.997
2008-05-16,2.99
2008-05-19,2.964
2008-05-20,2.836
2008-05-21,2.887
2008-05-22,2.841
2008-05-23,2.845
2008-05-26,2.759
2008-05-27,2.764
2008-05-28,2.839
2008-05-29,2.774
2008-05-30,2.807
2008-06-02,2.822
2008-06-03,2.811
2008-06-04,2.754
2008-06-05,2.725
2008-06-06,2.712
2008-06-10,2.482
2008-06-11,2.461
2008-06-12,2.406
2008-06-13,2.367
2008-06-16,2.369
2008-06-17,2.317
2008-06-18,2.408
2008-06-19,2.25
2008-06-20,2.33
2008-06-23,2.269
2008-06-24,2.306
2008-06-25,2.381
2008-06-26,2.378
2008-06-27,2.256
2008-06-30,2.232
2008-07-01,2.143
2008-07-02,2.133
2008-07-03,2.16
2008-07-04,2.14
2008-07-07,2.263
2008-07-08,2.262
2008-07-09,2.368
2008-07-10,2.336
2008-07-11,2.32
2008-07-14,2.331
2008-07-15,2.226
2008-07-16,2.157
2008-07-17,2.142
2008-07-18,2.238
2008-07-21,2.302
2008-07-22,2.289
2008-07-23,2.279
2008-07-24,2.362
2008-07-25,2.337
2008-07-28,2.35
2008-07-29,2.3
2008-07-30,2.295
2008-07-31,2.237
2008-08-01,2.273
2008-08-04,2.224
2008-08-05,2.19
2008-08-06,2.217
2008-08-07,2.22
2008-08-08,2.112
2008-08-11,2.041
2008-08-12,2.031
2008-08-13,2.019
2008-08-14,2.012
2008-08-15,2.027
2008-08-18,1.935
2008-08-19,1.954
2008-08-20,2.119
2008-08-21,2.049
2008-08-22,2.009
2008-08-25,2.021
2008-08-26,1.982
2008-08-27,1.988
2008-08-28,2.003
2008-08-29,2.038
2008-09-01,1.975
2008-09-02,1.948
2008-09-03,1.908
2008-09-04,1.91
2008-09-05,1.86
2008-09-08,1.832
2008-09-09,1.842
2008-09-10,1.839
2008-09-11,1.771
2008-09-12,1.774
2008-09-16,1.649
2008-09-17,1.601
2008-09-18,1.569
2008-09-19,1.726
2008-09-22,1.899
2008-09-23,1.777
2008-09-24,1.798
2008-09-25,1.872
2008-09-26,1.866
2008-10-06,1.762
2008-10-07,1.731
2008-10-08,1.65
2008-10-09,1.634
2008-10-10,1.572
2008-10-13,1.663
2008-10-14,1.612
2008-10-15,1.582
2008-10-16,1.503
2008-10-17,1.513
2008-10-20,1.568
2008-10-21,1.543
2008-10-22,1.502
2008-10-23,1.494
2008-10-24,1.446
2008-10-27,1.323
2008-10-28,1.389
2008-10-29,1.347
2008-10-30,1.391
2008-10-31,1.359
2008-11-03,1.36
2008-11-04,1.355
2008-11-05,1.415
2008-11-06,1.372
2008-11-07,1.399
2008-11-10,1.529
2008-11-11,1.491
2008-11-12,1.505
2008-11-13,1.554
2008-11-14,1.589
2008-11-17,1.602
2008-11-18,1.495
2008-11-19,1.535
2008-11-20,1.49
2008-11-21,1.485
2008-11-24,1.424
2008-11-25,1.42
2008-11-26,1.422
2008-11-27,1.448
2008-11-28,1.397
2008-12-01,1.412
2008-12-02,1.407
2008-12-03,1.476
2008-12-04,1.503
2008-12-05,1.52
2008-12-08,1.583
2008-12-09,1.538
2008-12-10,1.585
2008-12-11,1.543
2008-12-12,1.478
2008-12-15,1.486
2008-12-16,1.495
2008-12-17,1.494
2008-12-18,1.53
2008-12-19,1.528
2008-12-22,1.499
2008-12-23,1.434
2008-12-24,1.411
2008-12-25,1.399
2008-12-26,1.398
2008-12-29,1.391
2008-12-30,1.373
2008-12-31,1.365
2009-01-05,1.417
2009-01-06,1.457
2009-01-07,1.448
2009-01-08,1.407
2009-01-09,1.428
2009-01-12,1.42
2009-01-13,1.397
2009-01-14,1.46
2009-01-15,1.447
2009-01-16,1.489
2009-01-19,1.508
2009-01-20,1.518
2009-01-21,1.511
2009-01-22,1.526
2009-01-23,1.518
2009-02-02,1.52
2009-02-03,1.559
2009-02-04,1.606
2009-02-05,1.6
2009-02-06,1.668
2009-02-09,1.692
2009-02-10,1.697
2009-02-11,1.7
2009-02-12,1.675
2009-02-13,1.737
2009-02-16,1.792
2009-02-17,1.748
2009-02-18,1.668
2009-02-19,1.66
2009-02-20,1.679
2009-02-23,1.718
2009-02-24,1.629
2009-02-25,1.645
2009-02-26,1.593
2009-02-27,1.574
2009-03-02,1.576
2009-03-03,1.553
2009-03-04,1.671
2009-03-05,1.689
2009-03-06,1.676
2009-03-09,1.619
2009-03-10,1.641
2009-03-11,1.626
2009-03-12,1.624
2009-03-13,1.621
2009-03-16,1.658
2009-03-17,1.709
2009-03-18,1.704
2009-03-19,1.732
2009-03-20,1.726
2009-03-23,1.766
2009-03-24,1.774
2009-03-25,1.745
2009-03-26,1.818
2009-03-27,1.823
2009-03-30,1.815
2009-03-31,1.831
2009-04-01,1.85
2009-04-02,1.876
2009-04-03,1.889
2009-04-07,1.894
2009-04-08,1.816
2009-04-09,1.844
2009-04-10,1.891
2009-04-13,1.938
2009-04-14,1.942
2009-04-15,1.935
2009-04-16,1.933
2009-04-17,1.909
2009-04-20,1.947
2009-04-21,1.916
2009-04-22,1.867
2009-04-23,1.863
2009-04-24,1.848
2009-04-27,1.816
2009-04-28,1.815
2009-04-29,1.887
2009-04-30,1.887
2009-05-04,1.949
2009-05-05,1.953
2009-05-06,1.974
2009-05-07,1.981
2009-05-08,2.019
2009-05-11,1.99
2009-05-12,2.024
2009-05-13,2.043
2009-05-14,2.01
2009-05-15,2.014
2009-05-18,2.025
2009-05-19,2.048
2009-05-20,2.02
2009-05-21,1.969
2009-05-22,1.968
2009-05-25,1.975
2009-05-26,1.943
2009-05-27,1.99
2009-06-01,2.077
2009-06-02,2.073
2009-06-03,2.155
2009-06-04,2.169
2009-06-05,2.161
2009-06-08,2.181
2009-06-09,2.197
2009-06-10,2.214
2009-06-11,2.203
2009-06-12,2.162
2009-06-15,2.219
2009-06-16,2.204
2009-06-17,2.233
2009-06-18,2.281
2009-06-19,2.312
2009-06-22,2.316
2009-06-23,2.326
2009-06-24,2.332
2009-06-25,2.33
2009-06-26,2.336
2009-06-29,2.392
2009-06-30,2.379
2009-07-01,2.442
2009-07-02,2.482
2009-07-03,2.511
2009-07-06,2.55
2009-07-07,2.513
2009-07-08,2.497
2009-07-09,2.531
2009-07-10,2.515
2009-07-13,2.468
2009-07-14,2.551
2009-07-15,2.576
2009-07-16,2.598
2009-07-17,2.611
2009-07-20,2.661
2009-07-21,2.621
2009-07-22,2.681
2009-07-23,2.716
2009-07-24,2.745
2009-07-27,2.809
2009-07-28,2.795
2009-07-29,2.663
2009-07-30,2.752
2009-07-31,2.819
2009-08-03,2.838
2009-08-04,2.812
2009-08-05,2.763
2009-08-06,2.7
2009-08-07,2.637
2009-08-10,2.618
2009-08-11,2.619
2009-08-12,2.493
2009-08-13,2.532
2009-08-14,2.476
2009-08-17,2.339
2009-08-18,2.348
2009-08-19,2.24
2009-08-20,2.344
2009-08-21,2.373
2009-08-24,2.376
2009-08-25,2.27
2009-08-26,2.305
2009-08-27,2.285
2009-08-28,2.206
2009-08-31,2.045
2009-09-01,2.089
2009-09-02,2.135
2009-09-03,2.247
2009-09-04,2.247
2009-09-07,2.259
2009-09-08,2.307
2009-09-09,2.31
2009-09-10,2.286
2009-09-11,2.361
2009-09-14,2.385
2009-09-15,2.385
2009-09-16,2.342
2009-09-17,2.387
2009-09-18,2.3
2009-09-21,2.301
2009-09-22,2.242
2009-09-23,2.213
2009-09-24,2.241
2009-09-25,2.237
2009-09-28,2.175
2009-09-29,2.188
2009-09-30,2.213
2009-10-09,2.325
2009-10-12,2.304
2009-10-13,2.345
2009-10-14,2.358
2009-10-15,2.372
2009-10-16,2.37
2009-10-19,2.429
2009-10-20,2.46
2009-10-21,2.457
2009-10-22,2.435
2009-10-23,2.483
2009-10-26,2.489
2009-10-27,2.418
2009-10-28,2.411
2009-10-29,2.352
2009-10-30,2.379
2009-11-02,2.468
2009-11-03,2.492
2009-11-04,2.506
2009-11-05,2.512
2009-11-06,2.518
2009-11-09,2.525
2009-11-10,2.533
2009-11-11,2.517
2009-11-12,2.509
2009-11-13,2.53
2009-11-16,2.608
2009-11-17,2.608
2009-11-18,2.606
2009-11-19,2.607
2009-11-20,2.584
2009-11-23,2.596
2009-11-24,2.531
2009-11-25,2.568
2009-11-26,2.461
2009-11-27,2.395
2009-11-30,2.471
2009-12-01,2.493
2009-12-02,2.516
2009-12-03,2.5
2009-12-04,2.594
2009-12-07,2.596
2009-12-08,2.55
2009-12-09,2.496
2009-12-10,2.513
2009-12-11,2.513
2009-12-14,2.558
2009-12-15,2.525
2009-12-16,2.512
2009-12-17,2.468
2009-12-18,2.43
2009-12-21,2.415
2009-12-22,2.367
2009-12-23,2.374
2009-12-24,2.435
2009-12-25,2.408
2009-12-28,2.451
2009-12-29,2.475
2009-12-30,2.542
2009-12-31,2.559
2010-01-04,2.512
2010-01-05,2.544
2010-01-06,2.512
2010-01-07,2.462
2010-01-08,2.462
2010-01-11,2.473
2010-01-12,2.505
2010-01-13,2.394
2010-01-14,2.416
2010-01-15,2.422
2010-01-18,2.415
2010-01-19,2.431
2010-01-20,2.356
2010-01-21,2.376
2010-01-22,2.377
2010-01-25,2.355
2010-01-26,2.309
2010-01-27,2.262
2010-01-28,2.25
2010-01-29,2.244
2010-02-01,2.208
2010-02-02,2.216
2010-02-03,2.282
2010-02-04,2.265
2010-02-05,2.219
2010-02-08,2.212
2010-02-09,2.228
2010-02-10,2.263
2010-02-11,2.268
2010-02-12,2.287
2010-02-22,2.271
2010-02-23,2.23
2010-02-24,2.252
2010-02-25,2.287
2010-02-26,2.28
2010-03-01,2.318
2010-03-02,2.311
2010-03-03,2.321
2010-03-04,2.269
2010-03-05,2.273
2010-03-08,2.29
2010-03-09,2.306
2010-03-10,2.296
2010-03-11,2.304
2010-03-12,2.278
2010-03-15,2.239
2010-03-16,2.259
2010-03-17,2.306
2010-03-18,2.294
2010-03-19,2.314
2010-03-22,2.315
2010-03-23,2.289
2010-03-24,2.291
2010-03-25,2.257
2010-03-26,2.296
2010-03-29,2.366
2010-03-30,2.37
2010-03-31,2.35
2010-04-01,2.373
2010-04-02,2.375
2010-04-06,2.374
2010-04-07,2.359
2010-04-08,2.321
2010-04-09,2.342
2010-04-12,2.314
2010-04-13,2.362
2010-04-14,2.371
2010-04-15,2.365
2010-04-16,2.33
2010-04-19,2.21
2010-04-20,2.202
2010-04-21,2.233
2010-04-22,2.182
2010-04-23,2.168
2010-04-26,2.15
2010-04-27,2.111
2010-04-28,2.105
2010-04-29,2.098
2010-04-30,2.131
2010-05-04,2.102
2010-05-05,2.107
2010-05-06,2.009
2010-05-07,1.986
2010-05-10,2.013
2010-05-11,1.974
2010-05-12,2.009
2010-05-13,2.047
2010-05-14,2.026
2010-05-17,1.935
2010-05-18,1.977
2010-05-19,1.966
2010-05-20,1.932
2010-05-21,1.952
2010-05-24,2.016
2010-05-25,1.963
2010-05-26,1.964
2010-05-27,1.994
2010-05-28,1.983
2010-05-31,1.94
2010-06-01,1.921
2010-06-02,1.918
2010-06-03,1.907
2010-06-04,1.906
2010-06-07,1.867
2010-06-08,1.859
2010-06-09,1.921
2010-06-10,1.89
2010-06-11,1.897
2010-06-17,1.896
2010-06-18,1.88
2010-06-21,1.948
2010-06-22,1.945
2010-06-23,1.926
2010-06-24,1.937
2010-06-25,1.931
2010-06-28,1.932
2010-06-29,1.853
2010-06-30,1.835
2010-07-01,1.823
2010-07-02,1.837
2010-07-05,1.819
2010-07-06,1.849
2010-07-07,1.85
2010-07-08,1.855
2010-07-09,1.897
2010-07-12,1.908
2010-07-13,1.879
2010-07-14,1.891
2010-07-15,1.861
2010-07-16,1.858
2010-07-19,1.902
2010-07-20,1.936
2010-07-21,1.936
2010-07-22,1.959
2010-07-23,1.971
2010-07-26,1.974
2010-07-27,1.962
2010-07-28,2.018
2010-07-29,2.021
2010-07-30,2.016
2010-08-02,2.049
2010-08-03,2.005
2010-08-04,2.012
2010-08-05,1.983
2010-08-06,2.014
2010-08-09,2.016
2010-08-10,1.966
2010-08-11,1.968
2010-08-12,1.945
2010-08-13,1.961
2010-08-16,2.004
2010-08-17,2.014
2010-08-18,2.005
2010-08-19,2.026
2010-08-20,1.998
2010-08-23,1.993
2010-08-24,1.99
2010-08-25,1.949
2010-08-26,1.944
2010-08-27,1.948
2010-08-30,1.974
2010-08-31,1.955
2010-09-01,1.948
2010-09-02,1.967
2010-09-03,1.959
2010-09-06,2.01
2010-09-07,2.004
2010-09-08,1.988
2010-09-09,1.951
2010-09-10,1.947
2010-09-13,1.956
2010-09-14,1.956
2010-09-15,1.923
2010-09-16,1.893
2010-09-17,1.891
2010-09-20,1.897
2010-09-21,1.898
2010-09-27,1.914
2010-09-28,1.897
2010-09-29,1.903
2010-09-30,1.948
2010-10-08,2.026
2010-10-11,2.101
2010-10-12,2.126
2010-10-13,2.16
2010-10-14,2.189
2010-10-15,2.278
2010-10-18,2.264
2010-10-19,2.307
2010-10-20,2.306
2010-10-21,2.268
2010-10-22,2.256
2010-10-25,2.324
2010-10-26,2.294
2010-10-27,2.246
2010-10-28,2.247
2010-10-29,2.214
2010-11-01,2.268
2010-11-02,2.256
2010-11-03,2.251
2010-11-04,2.279
2010-11-05,2.303
2010-11-08,2.311
2010-11-09,2.278
2010-11-10,2.244
2010-11-11,2.273
2010-11-12,2.15
2010-11-15,2.141
2010-11-16,2.02
2010-11-17,2.001
2010-11-18,2.024
2010-11-19,2.027
2010-11-22,2.005
2010-11-23,1.964
2010-11-24,2.005
2010-11-25,2.035
2010-11-26,2.013
2010-11-29,2.007
2010-11-30,1.977
2010-12-01,1.978
2010-12-02,1.993
2010-12-03,2.001
2010-12-06,2.027
2010-12-07,2.038
2010-12-08,2.013
2010-12-09,1.992
2010-12-10,2.015
2010-12-13,2.07
2010-12-14,2.063
2010-12-15,2.05
2010-12-16,2.031
2010-12-17,2.027
2010-12-20,1.993
2010-12-21,2.044
2010-12-22,2.015
2010-12-23,2.012
2010-12-24,2.007
2010-12-27,1.972
2010-12-28,1.948
2010-12-29,1.948
2010-12-30,1.937
2010-12-31,1.968
2011-01-04,2.009
2011-01-05,1.993
2011-01-06,1.98
2011-01-07,2.0
2011-01-10,1.973
2011-01-11,1.994
2011-01-12,2.01
2011-01-13,2.008
2011-01-14,1.976
2011-01-17,1.912
2011-01-18,1.92
2011-01-19,1.948
2011-01-20,1.893
2011-01-21,1.918
2011-01-24,1.905
2011-01-25,1.907
2011-01-26,1.923
2011-01-27,1.943
2011-01-28,1.938
2011-01-31,1.956
2011-02-01,1.964
2011-02-09,1.936
2011-02-10,1.969
2011-02-11,1.968
2011-02-14,2.041
2011-02-15,2.038
2011-02-16,2.043
2011-02-17,2.04
2011-02-18,2.023
2011-02-21,2.041
2011-02-22,1.986
2011-02-23,1.986
2011-02-24,1.993
2011-02-25,1.997
2011-02-28,2.01
2011-03-01,2.024
2011-03-02,2.031
2011-03-03,2.042
2011-03-04,2.074
2011-03-07,2.114
2011-03-08,2.111
2011-03-09,2.109
2011-03-10,2.064
2011-03-11,2.038
2011-03-14,2.042
2011-03-15,2.008
2011-03-16,2.039
2011-03-17,2.013
2011-03-18,2.025
2011-03-21,2.026
2011-03-22,2.046
2011-03-23,2.072
2011-03-24,2.056
2011-03-25,2.089
2011-03-28,2.092
2011-03-29,2.086
2011-03-30,2.091
2011-03-31,2.074
2011-04-01,2.117
2011-04-06,2.163
2011-04-07,2.162
2011-04-08,2.175
2011-04-11,2.164
2011-04-12,2.151
2011-04-13,2.19
2011-04-14,2.176
2011-04-15,2.189
2011-04-18,2.188
2011-04-19,2.14
2011-04-20,2.133
2011-04-21,2.148
2011-04-22,2.142
2011-04-25,2.116
2011-04-26,2.109
2011-04-27,2.103
2011-04-28,2.108
2011-04-29,2.103
2011-05-03,2.102
2011-05-04,2.042
2011-05-05,2.037
2011-05-06,2.025
2011-05-09,2.023
2011-05-10,2.044
2011-05-11,2.037
2011-05-12,2.008
2011-05-13,2.031
2011-05-16,2.005
2011-05-17,2.022
2011-05-18,2.041
2011-05-19,2.033
2011-05-20,2.039
2011-05-23,1.981
2011-05-24,1.982
2011-05-25,1.961
2011-05-26,1.965
2011-05-27,1.968
2011-05-30,1.97
2011-05-31,1.998
2011-06-01,1.99
2011-06-02,1.951
2011-06-03,1.966
2011-06-07,1.973
2011-06-08,1.971
2011-06-09,1.942
2011-06-10,1.947
2011-06-13,1.941
2011-06-14,1.966
2011-06-15,1.953
2011-06-16,1.93
2011-06-17,1.917
2011-06-20,1.909
2011-06-21,1.925
2011-06-22,1.924
2011-06-23,1.956
2011-06-24,2.001
2011-06-27,1.997
2011-06-28,1.997
2011-06-29,1.964
2011-06-30,1.998
2011-07-01,1.995
2011-07-04,2.048
2011-07-05,2.039
2011-07-06,2.026
2011-07-07,2.018
2011-07-08,2.027
2011-07-11,2.021
2011-07-12,1.98
2011-07-13,2.009
2011-07-14,2.016
2011-07-15,2.021
2011-07-18,2.014
2011-07-19,2.0
2011-07-20,1.995
2011-07-21,1.973
2011-07-22,1.976
2011-07-25,1.923
2011-07-26,1.927
2011-07-27,1.931
2011-07-28,1.913
2011-07-29,1.925
2011-08-01,1.926
2011-08-02,1.909
2011-08-03,1.907
2011-08-04,1.908
2011-08-05,1.868
2011-08-08,1.809
2011-08-09,1.817
2011-08-10,1.829
2011-08-11,1.854
2011-08-12,1.848
2011-08-15,1.889
2011-08-16,1.875
2011-08-17,1.868
2011-08-18,1.835
2011-08-19,1.82
2011-08-22,1.803
2011-08-23,1.835
2011-08-24,1.821
2011-08-25,1.892
2011-08-26,1.888
2011-08-29,1.851
2011-08-30,1.846
2011-08-31,1.855
2011-09-01,1.853
2011-09-02,1.834
2011-09-05,1.804
2011-09-06,1.795
2011-09-07,1.827
2011-09-08,1.815
2011-09-09,1.814
2011-09-13,1.797
2011-09-14,1.8
2011-09-15,1.793
2011-09-16,1.797
2011-09-19,1.766
2011-09-20,1.773
2011-09-21,1.822
2011-09-22,1.769
2011-09-23,1.755
2011-09-26,1.704
2011-09-27,1.727
2011-09-28,1.71
2011-09-29,1.707
2011-09-30,1.703
2011-10-10,1.686
2011-10-11,1.689
2011-10-12,1.755
2011-10-13,1.76
2011-10-14,1.761
2011-10-17,1.775
2011-10-18,1.723
2011-10-19,1.724
2011-10-20,1.687
2011-10-21,1.692
2011-10-24,1.743
2011-10-25,1.768
2011-10-26,1.78
2011-10-27,1.787
2011-10-28,1.824
2011-10-31,1.805
2011-11-01,1.811
2011-11-02,1.843
2011-11-03,1.833
2011-11-04,1.848
2011-11-07,1.823
2011-11-08,1.826
2011-11-09,1.838
2011-11-10,1.798
2011-11-11,1.795
2011-11-14,1.829
2011-11-15,1.819
2011-11-16,1.769
2011-11-17,1.762
2011-11-18,1.735
2011-11-21,1.735
2011-11-22,1.735
2011-11-23,1.717
2011-11-24,1.718
2011-11-25,1.704
2011-11-28,1.71
2011-11-29,1.728
2011-11-30,1.676
2011-12-01,1.727
2011-12-02,1.717
2011-12-05,1.709
2011-12-06,1.704
2011-12-07,1.717
2011-12-08,1.716
2011-12-09,1.708
2011-12-12,1.696
2011-12-13,1.662
2011-12-14,1.653
2011-12-15,1.613
2011-12-16,1.641
2011-12-19,1.637
2011-12-20,1.638
2011-12-21,1.617
2011-12-22,1.62
2011-12-23,1.632
2011-12-26,1.616
2011-12-27,1.606
2011-12-28,1.607
2011-12-29,1.609
2011-12-30,1.629
2012-01-04,1.61
2012-01-05,1.611
2012-01-06,1.621
2012-01-09,1.677
2012-01-10,1.721
2012-01-11,1.711
2012-01-12,1.717
2012-01-13,1.7
2012-01-16,1.677
2012-01-17,1.757
2012-01-18,1.729
2012-01-19,1.768
2012-01-20,1.794
2012-01-30,1.762
2012-01-31,1.758
2012-02-01,1.728
2012-02-02,1.777
2012-02-03,1.785
2012-02-06,1.782
2012-02-07,1.746
2012-02-08,1.799
2012-02-09,1.792
2012-02-10,1.793
2012-02-13,1.782
2012-02-14,1.772
2012-02-15,1.787
2012-02-16,1.775
2012-02-17,1.78
2012-02-20,1.784
2012-02-21,1.793
2012-02-22,1.808
2012-02-23,1.812
2012-02-24,1.841
2012-02-27,1.844
2012-02-28,1.855
2012-02-29,1.836
2012-03-01,1.834
2012-03-02,1.856
2012-03-05,1.844
2012-03-06,1.809
2012-03-07,1.79
2012-03-08,1.81
2012-03-09,1.823
2012-03-12,1.808
2012-03-13,1.825
2012-03-14,1.792
2012-03-15,1.777
2012-03-16,1.79
2012-03-19,1.791
2012-03-20,1.766
2012-03-21,1.771
2012-03-22,1.774
2012-03-23,1.759
2012-03-26,1.763
2012-03-27,1.763
2012-03-28,1.725
2012-03-29,1.704
2012-03-30,1.719
2012-04-05,1.745
2012-04-06,1.749
2012-04-09,1.735
2012-04-10,1.747
2012-04-11,1.745
2012-04-12,1.783
2012-04-13,1.789
2012-04-16,1.78
2012-04-17,1.76
2012-04-18,1.8
2012-04-19,1.799
2012-04-20,1.826
2012-04-23,1.812
2012-04-24,1.819
2012-04-25,1.828
2012-04-26,1.833
2012-04-27,1.835
2012-05-02,1.877
2012-05-03,1.877
2012-05-04,1.886
2012-05-07,1.877
2012-05-08,1.872
2012-05-09,1.842
2012-05-10,1.841
2012-05-11,1.829
2012-05-14,1.814
2012-05-15,1.811
2012-05-16,1.775
2012-05-17,1.803
2012-05-18,1.778
2012-05-21,1.786
2012-05-22,1.813
2012-05-23,1.803
2012-05-24,1.793
2012-05-25,1.777
2012-05-28,1.803
2012-05-29,1.829
2012-05-30,1.817
2012-05-31,1.808
2012-06-01,1.812
2012-06-04,1.767
2012-06-05,1.767
2012-06-06,1.772
2012-06-07,1.766
2012-06-08,1.749
2012-06-11,1.768
2012-06-12,1.757
2012-06-13,1.783
2012-06-14,1.773
2012-06-15,1.79
2012-06-18,1.791
2012-06-19,1.783
2012-06-20,1.786
2012-06-21,1.757
2012-06-25,1.723
2012-06-26,1.729
2012-06-27,1.723
2012-06-28,1.713
2012-06-29,1.735
2012-07-02,1.732
2012-07-03,1.737
2012-07-04,1.738
2012-07-05,1.724
2012-07-06,1.741
2012-07-09,1.699
2012-07-10,1.697
2012-07-11,1.703
2012-07-12,1.712
2012-07-13,1.716
2012-07-16,1.693
2012-07-17,1.701
2012-07-18,1.696
2012-07-19,1.706
2012-07-20,1.693
2012-07-23,1.664
2012-07-24,1.666
2012-07-25,1.662
2012-07-26,1.66
2012-07-27,1.667
2012-07-30,1.664
2012-07-31,1.67
2012-08-01,1.679
2012-08-02,1.673
2012-08-03,1.678
2012-08-06,1.692
2012-08-07,1.692
2012-08-08,1.698
2012-08-09,1.708
2012-08-10,1.702
2012-08-13,1.671
2012-08-14,1.667
2012-08-15,1.646
2012-08-16,1.643
2012-08-17,1.643
2012-08-20,1.63
2012-08-21,1.634
2012-08-22,1.625
2012-08-23,1.632
2012-08-24,1.625
2012-08-27,1.593
2012-08-28,1.605
2012-08-29,1.59
2012-08-30,1.592
2012-08-31,1.592
2012-09-03,1.597
2012-09-04,1.584
2012-09-05,1.573
2012-09-06,1.587
2012-09-07,1.661
2012-09-10,1.66
2012-09-11,1.647
2012-09-12,1.648
2012-09-13,1.637
2012-09-14,1.652
2012-09-17,1.623
2012-09-18,1.605
2012-09-19,1.606
2012-09-20,1.58
2012-09-21,1.584
2012-09-24,1.59
2012-09-25,1.591
2012-09-26,1.579
2012-09-27,1.621
2012-09-28,1.652
2012-10-08,1.635
2012-10-09,1.666
2012-10-10,1.663
2012-10-11,1.655
2012-10-12,1.655
2012-10-15,1.65
2012-10-16,1.651
2012-10-17,1.656
2012-10-18,1.678
2012-10-19,1.677
2012-10-22,1.683
2012-10-23,1.666
2012-10-24,1.663
2012-10-25,1.651
2012-10-26,1.619
2012-10-29,1.607
2012-10-30,1.611
2012-10-31,1.625
2012-11-01,1.655
2012-11-02,1.664
2012-11-05,1.66
2012-11-06,1.655
2012-11-07,1.655
2012-11-08,1.629
2012-11-09,1.627
2012-11-12,1.636
2012-11-13,1.577
2012-11-14,1.583
2012-11-15,1.564
2012-11-16,1.55
2012-11-19,1.548
2012-11-20,1.54
2012-11-21,1.561
2012-11-22,1.556
2012-11-23,1.566
2012-11-26,1.562
2012-11-27,1.553
2012-11-28,1.542
2012-11-29,1.536
2012-11-30,1.544
2012-12-03,1.533
2012-12-04,1.547
2012-12-05,1.599
2012-12-06,1.599
2012-12-07,1.633
2012-12-10,1.65
2012-12-11,1.644
2012-12-12,1.657
2012-12-13,1.638
2012-12-14,1.725
2012-12-17,1.736
2012-12-18,1.741
2012-12-19,1.74
2012-12-20,1.748
2012-12-21,1.735
2012-12-24,1.747
2012-12-25,1.793
2012-12-26,1.799
2012-12-27,1.786
2012-12-28,1.814
2012-12-31,1.854
2013-01-04,1.867
2013-01-07,1.876
2013-01-08,1.853
2013-01-09,1.848
2013-01-10,1.849
2013-01-11,1.817
2013-01-14,1.886
2013-01-15,1.893
2013-01-16,1.871
2013-01-17,1.852
2013-01-18,1.882
2013-01-21,1.892
2013-01-22,1.893
2013-01-23,1.901
2013-01-24,1.895
2013-01-25,1.885
2013-01-28,1.949
2013-01-29,1.975
2013-01-30,1.981
2013-01-31,1.987
2013-02-01,2.048
2013-02-04,2.055
2013-02-05,2.059
2013-02-06,2.072
2013-02-07,2.046
2013-02-08,2.035
2013-02-18,2.011
2013-02-19,1.978
2013-02-20,1.973
2013-02-21,1.893
2013-02-22,1.88
2013-02-25,1.888
2013-02-26,1.862
2013-02-27,1.885
2013-02-28,1.952
2013-03-01,1.944
2013-03-04,1.841
2013-03-05,1.913
2013-03-06,1.932
2013-03-07,1.899
2013-03-08,1.9
2013-03-11,1.879
2013-03-12,1.853
2013-03-13,1.834
2013-03-14,1.839
2013-03-15,1.845
2013-03-18,1.812
2013-03-19,1.83
2013-03-20,1.903
2013-03-21,1.901
2013-03-22,1.903
2013-03-25,1.901
2013-03-26,1.86
2013-03-27,1.865
2013-03-28,1.788
2013-03-29,1.788
2013-04-01,1.783
2013-04-02,1.786
2013-04-03,1.788
2013-04-08,1.77
2013-04-09,1.787
2013-04-10,1.788
2013-04-11,1.787
2013-04-12,1.776
2013-04-15,1.762
2013-04-16,1.77
2013-04-17,1.761
2013-04-18,1.766
2013-04-19,1.826
2013-04-22,1.823
2013-04-23,1.763
2013-04-24,1.79
2013-04-25,1.777
2013-04-26,1.765
2013-05-02,1.765
2013-05-03,1.796
2013-05-06,1.813
2013-05-07,1.817
2013-05-08,1.822
2013-05-09,1.808
2013-05-10,1.819
2013-05-13,1.809
2013-05-14,1.785
2013-05-15,1.786
2013-05-16,1.819
2013-05-17,1.843
2013-05-20,1.861
2013-05-21,1.852
2013-05-22,1.856
2013-05-23,1.823
2013-05-24,1.829
2013-05-27,1.825
2013-05-28,1.871
2013-05-29,1.861
2013-05-30,1.855
2013-05-31,1.84
2013-06-03,1.844
2013-06-04,1.826
2013-06-05,1.813
2013-06-06,1.794
2013-06-07,1.77
2013-06-13,1.725
2013-06-14,1.726
2013-06-17,1.711
2013-06-18,1.722
2013-06-19,1.707
2013-06-20,1.653
2013-06-21,1.65
2013-06-24,1.545
2013-06-25,1.55
2013-06-26,1.529
2013-06-27,1.535
2013-06-28,1.58
2013-07-01,1.575
2013-07-02,1.568
2013-07-03,1.554
2013-07-04,1.566
2013-07-05,1.574
2013-07-08,1.545
2013-07-09,1.541
2013-07-10,1.584
2013-07-11,1.684
2013-07-12,1.632
2013-07-15,1.648
2013-07-16,1.648
2013-07-17,1.627
2013-07-18,1.593
2013-07-19,1.555
2013-07-22,1.557
2013-07-23,1.6
2013-07-24,1.58
2013-07-25,1.579
2013-07-26,1.57
2013-07-29,1.532
2013-07-30,1.549
2013-07-31,1.551
2013-08-01,1.588
2013-08-02,1.586
2013-08-05,1.603
2013-08-06,1.605
2013-08-07,1.598
2013-08-08,1.595
2013-08-09,1.604
2013-08-12,1.663
2013-08-13,1.67
2013-08-14,1.663
2013-08-15,1.646
2013-08-16,1.646
2013-08-19,1.657
2013-08-20,1.646
2013-08-21,1.639
2013-08-22,1.634
2013-08-23,1.618
2013-08-26,1.655
2013-08-27,1.653
2013-08-28,1.647
2013-08-29,1.641
2013-08-30,1.645
2013-09-02,1.648
2013-09-03,1.668
2013-09-04,1.67
2013-09-05,1.665
2013-09-06,1.683
2013-09-09,1.772
2013-09-10,1.799
2013-09-11,1.803
2013-09-12,1.833
2013-09-13,1.811
2013-09-16,1.797
2013-09-17,1.757
2013-09-18,1.759
2013-09-23,1.769
2013-09-24,1.731
2013-09-25,1.717
2013-09-26,1.689
2013-09-27,1.695
2013-09-30,1.697
2013-10-08,1.717
2013-10-09,1.723
2013-10-10,1.694
2013-10-11,1.725
2013-10-14,1.718
2013-10-15,1.71
2013-10-16,1.689
2013-10-17,1.681
2013-10-18,1.693
2013-10-21,1.714
2013-10-22,1.694
2013-10-23,1.693
2013-10-24,1.674
2013-10-25,1.663
2013-10-28,1.665
2013-10-29,1.686
2013-10-30,1.708
2013-10-31,1.685
2013-11-01,1.7
2013-11-04,1.693
2013-11-05,1.687
2013-11-06,1.669
2013-11-07,1.664
2013-11-08,1.639
2013-11-11,1.641
2013-11-12,1.663
2013-11-13,1.621
2013-11-14,1.622
2013-11-15,1.6
2013-11-18,1.675
2013-11-19,1.656
2013-11-20,1.66
2013-11-21,1.644
2013-11-22,1.639
2013-11-25,1.63
2013-11-26,1.627
2013-11-27,1.643
2013-11-28,1.659
2013-11-29,1.656
2013-12-02,1.675
2013-12-03,1.676
2013-12-04,1.696
2013-12-05,1.69
2013-12-06,1.672
2013-12-09,1.666
2013-12-10,1.668
2013-12-11,1.639
2013-12-12,1.629
2013-12-13,1.627
2013-12-16,1.603
2013-12-17,1.595
2013-12-18,1.599
2013-12-19,1.581
2013-12-20,1.543
2013-12-23,1.542
2013-12-24,1.54
2013-12-25,1.546
2013-12-26,1.527
2013-12-27,1.549
2013-12-30,1.548
2013-12-31,1.571
2014-01-02,1.558
2014-01-03,1.535
2014-01-06,1.513
2014-01-07,1.512
2014-01-08,1.513
2014-01-09,1.503
2014-01-10,1.497
2014-01-13,1.491
2014-01-14,1.495
2014-01-15,1.487
2014-01-16,1.49
2014-01-17,1.473
2014-01-20,1.465
2014-01-21,1.474
2014-01-22,1.513
2014-01-23,1.499
2014-01-24,1.499
2014-01-27,1.478
2014-01-28,1.486
2014-01-29,1.492
2014-01-30,1.475
2014-02-07,1.472
2014-02-10,1.501
2014-02-11,1.526
2014-02-12,1.522
2014-02-13,1.527
2014-02-14,1.53
2014-02-17,1.534
2014-02-18,1.506
2014-02-19,1.529
2014-02-20,1.518
2014-02-21,1.502
2014-02-24,1.467
2014-02-25,1.44
2014-02-26,1.44
2014-02-27,1.451
2014-02-28,1.461
2014-03-03,1.458
2014-03-04,1.459
2014-03-05,1.444
2014-03-06,1.456
2014-03-07,1.452
2014-03-10,1.408
2014-03-11,1.41
2014-03-12,1.414
2014-03-13,1.434
2014-03-14,1.422
2014-03-17,1.434
2014-03-18,1.425
2014-03-19,1.419
2014-03-20,1.408
2014-03-21,1.463
2014-03-24,1.476
2014-03-25,1.465
2014-03-26,1.463
2014-03-27,1.464
2014-03-28,1.471
2014-03-31,1.464
2014-04-01,1.469
2014-04-02,1.488
2014-04-03,1.475
2014-04-04,1.488
2014-04-08,1.532
2014-04-09,1.528
2014-04-10,1.567
2014-04-11,1.561
2014-04-14,1.552
2014-04-15,1.522
2014-04-16,1.522
2014-04-17,1.516
2014-04-18,1.515
2014-04-21,1.489
2014-04-22,1.505
2014-04-23,1.505
2014-04-24,1.509
2014-04-25,1.5
2014-04-28,1.483
2014-04-29,1.493
2014-04-30,1.492
2014-05-05,1.483
2014-05-06,1.481
2014-05-07,1.473
2014-05-08,1.476
2014-05-09,1.476
2014-05-12,1.503
2014-05-13,1.496
2014-05-14,1.498
2014-05-15,1.484
2014-05-16,1.481
2014-05-19,1.457
2014-05-20,1.455
2014-05-21,1.469
2014-05-22,1.466
2014-05-23,1.48
2014-05-26,1.482
2014-05-27,1.478
2014-05-28,1.488
2014-05-29,1.482
2014-05-30,1.477
2014-06-03,1.473
2014-06-04,1.464
2014-06-05,1.481
2014-06-06,1.469
2014-06-09,1.472
2014-06-10,1.49
2014-06-11,1.484
2014-06-12,1.481
2014-06-13,1.5
2014-06-16,1.516
2014-06-17,1.502
2014-06-18,1.496
2014-06-19,1.478
2014-06-20,1.485
2014-06-23,1.48
2014-06-24,1.489
2014-06-25,1.482
2014-06-26,1.49
2014-06-27,1.486
2014-06-30,1.497
2014-07-01,1.493
2014-07-02,1.501
2014-07-03,1.505
2014-07-04,1.51
2014-07-07,1.511
2014-07-08,1.508
2014-07-09,1.492
2014-07-10,1.491
2014-07-11,1.498
2014-07-14,1.511
2014-07-15,1.513
2014-07-16,1.512
2014-07-17,1.507
2014-07-18,1.516
2014-07-21,1.515
2014-07-22,1.533
2014-07-23,1.545
2014-07-24,1.58
2014-07-25,1.596
2014-07-28,1.647
2014-07-29,1.65
2014-07-30,1.642
2014-07-31,1.666
2014-08-01,1.649
2014-08-04,1.685
2014-08-05,1.672
2014-08-06,1.658
2014-08-07,1.633
2014-08-08,1.637
2014-08-11,1.659
2014-08-12,1.647
2014-08-13,1.651
2014-08-14,1.637
2014-08-15,1.653
2014-08-18,1.654
2014-08-19,1.649
2014-08-20,1.645
2014-08-21,1.629
2014-08-22,1.635
2014-08-25,1.62
2014-08-26,1.617
2014-08-27,1.615
2014-08-28,1.612
2014-08-29,1.623
2014-09-01,1.626
2014-09-02,1.649
2014-09-03,1.667
2014-09-04,1.679
2014-09-05,1.699
2014-09-09,1.685
2014-09-10,1.671
2014-09-11,1.666
2014-09-12,1.675
2014-09-15,1.669
2014-09-16,1.644
2014-09-17,1.648
2014-09-18,1.652
2014-09-19,1.665
2014-09-22,1.628
2014-09-23,1.64
2014-09-24,1.672
2014-09-25,1.661
2014-09-26,1.662
2014-09-29,1.667
2014-09-30,1.666
2014-10-08,1.676
2014-10-09,1.677
2014-10-10,1.664
2014-10-13,1.653
2014-10-14,1.643
2014-10-15,1.66
2014-10-16,1.655
2014-10-17,1.65
2014-10-20,1.655
2014-10-21,1.646
2014-10-22,1.644
2014-10-23,1.632
2014-10-24,1.629
2014-10-27,1.604
2014-10-28,1.629
2014-10-29,1.651
2014-10-30,1.663
2014-10-31,1.705
2014-11-03,1.695
2014-11-04,1.69
2014-11-05,1.685
2014-11-06,1.682
2014-11-07,1.687
2014-11-10,1.735
2014-11-11,1.757
2014-11-12,1.776
2014-11-13,1.775
2014-11-14,1.774
2014-11-17,1.709
2014-11-18,1.684
2014-11-19,1.675
2014-11-20,1.678
2014-11-21,1.72
2014-11-24,1.759
2014-11-25,1.774
2014-11-26,1.816
2014-11-27,1.851
2014-11-28,1.912
2014-12-01,1.918
2014-12-02,2.023
2014-12-03,2.033
2014-12-04,2.179
2014-12-05,2.196
2014-12-08,2.312
2014-12-09,2.169
2014-12-10,2.239
2014-12-11,2.182
2014-12-12,2.182
2014-12-15,2.184
2014-12-16,2.281
2014-12-17,2.356
2014-12-18,2.338
2014-12-19,2.368
2014-12-22,2.405
2014-12-23,2.353
2014-12-24,2.256
2014-12-25,2.344
2014-12-26,2.452
2014-12-29,2.459
2014-12-30,2.492
2014-12-31,2.552
2015-01-05,2.622
2015-01-06,2.592
2015-01-07,2.588
2015-01-08,2.518
2015-01-09,2.524
2015-01-12,2.5
2015-01-13,2.485
2015-01-14,2.494
2015-01-15,2.586
2015-01-16,2.604
2015-01-19,2.344
2015-01-20,2.361
2015-01-21,2.503
2015-01-22,2.499
2015-01-23,2.524
2015-01-26,2.519
2015-01-27,2.478
2015-01-28,2.442
2015-01-29,2.4
2015-01-30,2.367
2015-02-02,2.299
2015-02-03,2.367
2015-02-04,2.334
2015-02-05,2.316
2015-02-06,2.291
2015-02-09,2.331
2015-02-10,2.369
2015-02-11,2.38
2015-02-12,2.384
2015-02-13,2.39
2015-02-16,2.394
2015-02-17,2.411
2015-02-25,2.37
2015-02-26,2.45
2015-02-27,2.438
2015-03-02,2.441
2015-03-03,2.364
2015-03-04,2.362
2015-03-05,2.334
2015-03-06,2.339
2015-03-09,2.397
2015-03-10,2.359
2015-03-11,2.374
2015-03-12,2.448
2015-03-13,2.455
2015-03-16,2.51
2015-03-17,2.543
2015-03-18,2.611
2015-03-19,2.587
2015-03-20,2.635
2015-03-23,2.676
2015-03-24,2.638
2015-03-25,2.604
2015-03-26,2.643
2015-03-27,2.649
2015-03-30,2.74
2015-03-31,2.707
2015-04-01,2.753
2015-04-02,2.739
2015-04-03,2.773
2015-04-07,2.842
2015-04-08,2.898
2015-04-09,2.877
2015-04-10,2.936
2015-04-13,2.991
2015-04-14,2.999
2015-04-15,3.011
2015-04-16,3.145
2015-04-17,3.185
2015-04-20,3.103
2015-04-21,3.141
2015-04-22,3.241
2015-04-23,3.212
2015-04-24,3.171
2015-04-27,3.255
2015-04-28,3.228
2015-04-29,3.22
2015-04-30,3.198
2015-05-04,3.211
2015-05-05,3.096
2015-05-06,3.083
2015-05-07,3.045
2015-05-08,3.055
2015-05-11,3.11
2015-05-12,3.129
2015-05-13,3.084
2015-05-14,3.073
2015-05-15,3.006
2015-05-18,2.946
2015-05-19,3.066
2015-05-20,3.066
2015-05-21,3.104
2015-05-22,3.199
2015-05-25,3.303
2015-05-26,3.32
2015-05-27,3.285
2015-05-28,3.079
2015-05-29,3.066
2015-06-01,3.198
2015-06-02,3.209
2015-06-03,3.191
2015-06-04,3.259
2015-06-05,3.254
2015-06-08,3.427
2015-06-09,3.361
2015-06-10,3.32
2015-06-11,3.3
2015-06-12,3.313
2015-06-15,3.216
2015-06-16,3.148
2015-06-17,3.175
2015-06-18,3.042
2015-06-19,2.874
2015-06-23,2.976
2015-06-24,3.018
2015-06-25,2.919
2015-06-26,2.686
2015-06-29,2.66
2015-06-30,2.851
2015-07-01,2.728
2015-07-02,2.684
2015-07-03,2.579
2015-07-06,2.742
2015-07-07,2.79
2015-07-08,2.604
2015-07-09,2.792
2015-07-10,2.905
2015-07-13,2.862
2015-07-14,2.762
2015-07-15,2.749
2015-07-16,2.74
2015-07-17,2.803
2015-07-20,2.777
2015-07-21,2.768
2015-07-22,2.737
2015-07-23,2.794
2015-07-24,2.745
2015-07-27,2.494
2015-07-28,2.484
2015-07-29,2.534
2015-07-30,2.469
2015-07-31,2.462
2015-08-03,2.478
2015-08-04,2.54
2015-08-05,2.491
2015-08-06,2.471
2015-08-07,2.504
2015-08-10,2.616
2015-08-11,2.59
2015-08-12,2.564
2015-08-13,2.576
2015-08-14,2.575
2015-08-17,2.548
2015-08-18,2.41
2015-08-19,2.427
2015-08-20,2.361
2015-08-21,2.274
2015-08-24,2.047
2015-08-25,1.886
2015-08-26,1.946
2015-08-27,2.11
2015-08-28,2.168
2015-08-31,2.209
2015-09-01,2.228
2015-09-02,2.236
2015-09-07,2.14
2015-09-08,2.177
2015-09-09,2.209
2015-09-10,2.206
2015-09-11,2.193
2015-09-14,2.223
2015-09-15,2.167
2015-09-16,2.242
2015-09-17,2.198
2015-09-18,2.198
2015-09-21,2.212
2015-09-22,2.237
2015-09-23,2.18
2015-09-24,2.187
2015-09-25,2.171
2015-09-28,2.174
2015-09-29,2.127
2015-09-30,2.147
2015-10-08,2.196
2015-10-09,2.221
2015-10-12,2.288
2015-10-13,2.279
2015-10-14,2.258
2015-10-15,2.304
2015-10-16,2.322
2015-10-19,2.32
2015-10-20,2.341
2015-10-21,2.32
2015-10-22,2.333
2015-10-23,2.35
2015-10-26,2.35
2015-10-27,2.348
2015-10-28,2.308
2015-10-29,2.311
2015-10-30,2.31
2015-11-02,2.283
2015-11-03,2.272
2015-11-04,2.386
2015-11-05,2.445
2015-11-06,2.499
2015-11-09,2.532
2015-11-10,2.521
2015-11-11,2.504
2015-11-12,2.47
2015-11-13,2.444
2015-11-16,2.449
2015-11-17,2.45
2015-11-18,2.438
2015-11-19,2.471
2015-11-20,2.459
2015-11-23,2.45
2015-11-24,2.444
2015-11-25,2.454
2015-11-26,2.447
2015-11-27,2.318
2015-11-30,2.329
2015-12-01,2.339
2015-12-02,2.462
2015-12-03,2.46
2015-12-04,2.398
2015-12-07,2.39
2015-12-08,2.366
2015-12-09,2.369
2015-12-10,2.355
2015-12-11,2.344
2015-12-14,2.415
2015-12-15,2.382
2015-12-16,2.372
2015-12-17,2.401
2015-12-18,2.422
2015-12-21,2.499
2015-12-22,2.49
2015-12-23,2.499
2015-12-24,2.478
2015-12-25,2.486
2015-12-28,2.412
2015-12-29,2.432
2015-12-30,2.424
2015-12-31,2.416
2016-01-04,2.278
2016-01-05,2.286
2016-01-06,2.317
2016-01-07,2.177
2016-01-08,2.219
2016-01-11,2.125
2016-01-12,2.131
2016-01-13,2.112
2016-01-14,2.131
2016-01-15,2.07
2016-01-18,2.07
2016-01-19,2.13
2016-01-20,2.091
2016-01-21,2.043
2016-01-22,2.067
2016-01-25,2.065
2016-01-26,1.958
2016-01-27,1.957
2016-01-28,1.915
2016-01-29,1.975
2016-02-01,1.942
2016-02-02,1.975
2016-02-03,1.953
2016-02-04,1.978
2016-02-05,1.968
2016-02-15,1.949
2016-02-16,2.001
2016-02-17,2.013
2016-02-18,2.011
2016-02-19,2.006
2016-02-22,2.054
2016-02-23,2.03
2016-02-24,2.039
2016-02-25,1.936
2016-02-26,1.956
2016-02-29,1.937
2016-03-01,1.971
2016-03-02,2.049
2016-03-03,2.053
2016-03-04,2.122
2016-03-07,2.111
2016-03-08,2.115
2016-03-09,2.107
2016-03-10,2.059
2016-03-11,2.066
2016-03-14,2.076
2016-03-15,2.098
2016-03-16,2.135
2016-03-17,2.132
2016-03-18,2.14
2016-03-21,2.192
2016-03-22,2.169
2016-03-23,2.171
2016-03-24,2.14
2016-03-25,2.145
2016-03-28,2.121
2016-03-29,2.104
2016-03-30,2.158
2016-03-31,2.156
2016-04-01,2.165
2016-04-05,2.175
2016-04-06,2.165
2016-04-07,2.139
2016-04-08,2.124
2016-04-11,2.144
2016-04-12,2.142
2016-04-13,2.168
2016-04-14,2.174
2016-04-15,2.178
2016-04-18,2.154
2016-04-19,2.161
2016-04-20,2.148
2016-04-21,2.146
2016-04-22,2.156
2016-04-25,2.145
2016-04-26,2.152
2016-04-27,2.144
2016-04-28,2.142
2016-04-29,2.135
2016-05-03,2.159
2016-05-04,2.153
2016-05-05,2.151
2016-05-06,2.103
2016-05-09,2.071
2016-05-10,2.07
2016-05-11,2.077
2016-05-12,2.083
2016-05-13,2.079
2016-05-16,2.081
2016-05-17,2.077
2016-05-18,2.078
2016-05-19,2.072
2016-05-20,2.083
2016-05-23,2.084
2016-05-24,2.069
2016-05-25,2.074
2016-05-26,2.074
2016-05-27,2.078
2016-05-30,2.089
2016-05-31,2.16
2016-06-01,2.142
2016-06-02,2.14
2016-06-03,2.154
2016-06-06,2.141
2016-06-07,2.143
2016-06-08,2.139
2016-06-13,2.088
2016-06-14,2.101
2016-06-15,2.109
2016-06-16,2.102
2016-06-17,2.109
2016-06-20,2.114
2016-06-21,2.112
2016-06-22,2.124
2016-06-23,2.116
2016-06-24,2.09
2016-06-27,2.111
2016-06-28,2.117
2016-06-29,2.135
2016-06-30,2.136
2016-07-01,2.142
2016-07-04,2.177
2016-07-05,2.185
2016-07-06,2.184
2016-07-07,2.189
2016-07-08,2.177
2016-07-11,2.188
2016-07-12,2.233
2016-07-13,2.236
2016-07-14,2.233
2016-07-15,2.236
2016-07-18,2.228
2016-07-19,2.216
2016-07-20,2.209
2016-07-21,2.22
2016-07-22,2.2
2016-07-25,2.201
2016-07-26,2.227
2016-07-27,2.215
2016-07-28,2.211
2016-07-29,2.201
2016-08-01,2.19
2016-08-02,2.19
2016-08-03,2.188
2016-08-04,2.186
2016-08-05,2.195
2016-08-08,2.204
2016-08-09,2.221
2016-08-10,2.216
2016-08-11,2.223
2016-08-12,2.272
2016-08-15,2.336
2016-08-16,2.306
2016-08-17,2.3
2016-08-18,2.29
2016-08-19,2.301
2016-08-22,2.287
2016-08-23,2.29
2016-08-24,2.28
2016-08-25,2.269
2016-08-26,2.267
2016-08-29,2.265
2016-08-30,2.276
2016-08-31,2.284
2016-09-01,2.268
2016-09-02,2.279
2016-09-05,2.28
2016-09-06,2.286
2016-09-07,2.29
2016-09-08,2.29
2016-09-09,2.28
2016-09-12,2.25
2016-09-13,2.242
2016-09-14,2.229
2016-09-19,2.242
2016-09-20,2.239
2016-09-21,2.243
2016-09-22,2.255
2016-09-23,2.249
2016-09-26,2.222
2016-09-27,2.229
2016-09-28,2.219
2016-09-29,2.23
2016-09-30,2.235
2016-10-10,2.262
2016-10-11,2.265
2016-10-12,2.257
2016-10-13,2.257
2016-10-14,2.266
2016-10-17,2.25
2016-10-18,2.282
2016-10-19,2.279
2016-10-20,2.28
2016-10-21,2.295
2016-10-24,2.324
2016-10-25,2.319
2016-10-26,2.311
2016-10-27,2.305
2016-10-28,2.307
2016-10-31,2.305
2016-11-01,2.316
2016-11-02,2.3
2016-11-03,2.327
2016-11-04,2.324
2016-11-07,2.33
2016-11-08,2.338
2016-11-09,2.32
2016-11-10,2.344
2016-11-11,2.363
2016-11-14,2.374
2016-11-15,2.366
2016-11-16,2.361
2016-11-17,2.369
2016-11-18,2.363
2016-11-21,2.39
2016-11-22,2.408
2016-11-23,2.415
2016-11-24,2.425
2016-11-25,2.451
2016-11-28,2.46
2016-11-29,2.446
2016-11-30,2.419
2016-12-01,2.433
2016-12-02,2.416
2016-12-05,2.373
2016-12-06,2.368
2016-12-07,2.375
2016-12-08,2.38
2016-12-09,2.413
2016-12-12,2.386
2016-12-13,2.371
2016-12-14,2.36
2016-12-15,2.308
2016-12-16,2.301
2016-12-19,2.293
2016-12-20,2.281
2016-12-21,2.298
2016-12-22,2.292
2016-12-23,2.279
2016-12-26,2.298
2016-12-27,2.289
2016-12-28,2.278
2016-12-29,2.278
2016-12-30,2.287
2017-01-03,2.307
2017-01-04,2.325
2017-01-05,2.322
2017-01-06,2.314
2017-01-09,2.319
2017-01-10,2.313
2017-01-11,2.303
2017-01-12,2.296
2017-01-13,2.31
2017-01-16,2.339
2017-01-17,2.329
2017-01-18,2.344
2017-01-19,2.334
2017-01-20,2.349
2017-01-23,2.348
2017-01-24,2.354
2017-01-25,2.357
2017-01-26,2.366
2017-02-03,2.342
2017-02-06,2.343
2017-02-07,2.335
2017-02-08,2.348
2017-02-09,2.354
2017-02-10,2.366
2017-02-13,2.378
2017-02-14,2.37
2017-02-15,2.369
2017-02-16,2.372
2017-02-17,2.361
2017-02-20,2.395
2017-02-21,2.393
2017-02-22,2.396
2017-02-23,2.387
2017-02-24,2.385
2017-02-27,2.367
2017-02-28,2.368
2017-03-01,2.368
2017-03-02,2.353
2017-03-03,2.343
2017-03-06,2.349
2017-03-07,2.354
2017-03-08,2.355
2017-03-09,2.343
2017-03-10,2.335
2017-03-13,2.355
2017-03-14,2.351
2017-03-15,2.354
2017-03-16,2.369
2017-03-17,2.343
2017-03-20,2.347
2017-03-21,2.353
2017-03-22,2.336
2017-03-23,2.344
2017-03-24,2.364
2017-03-27,2.36
2017-03-28,2.354
2017-03-29,2.352
2017-03-30,2.343
2017-03-31,2.356
2017-04-05,2.382
2017-04-06,2.384
2017-04-07,2.384
2017-04-10,2.377
2017-04-11,2.378
2017-04-12,2.374
2017-04-13,2.367
2017-04-14,2.35
2017-04-17,2.353
2017-04-18,2.338
2017-04-19,2.322
2017-04-20,2.331
2017-04-21,2.341
2017-04-24,2.336
2017-04-25,2.342
2017-04-26,2.339
2017-04-27,2.344
2017-04-28,2.34
2017-05-02,2.332
2017-05-03,2.325
2017-05-04,2.32
2017-05-05,2.313
2017-05-08,2.318
2017-05-09,2.315
2017-05-10,2.321
2017-05-11,2.334
2017-05-12,2.37
2017-05-15,2.374
2017-05-16,2.379
2017-05-17,2.358
2017-05-18,2.35
2017-05-19,2.355
2017-05-22,2.373
2017-05-23,2.403
2017-05-24,2.399
2017-05-25,2.47
2017-05-26,2.466
2017-05-31,2.475
2017-06-01,2.49
2017-06-02,2.47
2017-06-05,2.442
2017-06-06,2.457
2017-06-07,2.48
2017-06-08,2.501
2017-06-09,2.517
2017-06-12,2.514
2017-06-13,2.512
2017-06-14,2.482
2017-06-15,2.465
2017-06-16,2.46
2017-06-19,2.497
2017-06-20,2.483
2017-06-21,2.509
2017-06-22,2.524
2017-06-23,2.543
2017-06-26,2.554
2017-06-27,2.564
2017-06-28,2.548
2017-06-29,2.565
2017-06-30,2.558
2017-07-03,2.543
2017-07-04,2.52
2017-07-05,2.563
2017-07-06,2.567
2017-07-07,2.561
2017-07-10,2.575
2017-07-11,2.604
2017-07-12,2.597
2017-07-13,2.638
2017-07-14,2.665
2017-07-17,2.669
2017-07-18,2.659
2017-07-19,2.702
2017-07-20,2.71
2017-07-21,2.68
2017-07-24,2.7
2017-07-25,2.683
2017-07-26,2.677
2017-07-27,2.677
2017-07-28,2.68
2017-07-31,2.682
2017-08-01,2.724
2017-08-02,2.728
2017-08-03,2.689
2017-08-04,2.671
2017-08-07,2.679
2017-08-08,2.682
2017-08-09,2.664
2017-08-10,2.655
2017-08-11,2.613
2017-08-14,2.635
2017-08-15,2.651
2017-08-16,2.64
2017-08-17,2.652
2017-08-18,2.664
2017-08-21,2.663
2017-08-22,2.689
2017-08-23,2.708
2017-08-24,2.698
2017-08-25,2.757
2017-08-28,2.788
2017-08-29,2.789
2017-08-30,2.774
2017-08-31,2.766
2017-09-01,2.76
2017-09-04,2.764
2017-09-05,2.782
2017-09-06,2.764
2017-09-07,2.743
2017-09-08,2.738
2017-09-11,2.73
2017-09-12,2.746
2017-09-13,2.739
2017-09-14,2.722
2017-09-15,2.722
2017-09-18,2.729
2017-09-19,2.72
2017-09-20,2.717
2017-09-21,2.728
2017-09-22,2.729
2017-09-25,2.729
2017-09-26,2.731
2017-09-27,2.711
2017-09-28,2.715
2017-09-29,2.726
2017-10-09,2.75
2017-10-10,2.746
2017-10-11,2.762
2017-10-12,2.773
2017-10-13,2.771
2017-10-16,2.781
2017-10-17,2.779
2017-10-18,2.802
2017-10-19,2.806
2017-10-20,2.79
2017-10-23,2.791
2017-10-24,2.806
2017-10-25,2.802
2017-10-26,2.827
2017-10-27,2.873
2017-10-30,2.861
2017-10-31,2.851
2017-11-01,2.842
2017-11-02,2.847
2017-11-03,2.851
2017-11-06,2.843
2017-11-07,2.875
2017-11-08,2.874
2017-11-09,2.885
2017-11-10,2.918
2017-11-13,2.928
2017-11-14,2.913
2017-11-15,2.901
2017-11-16,2.932
2017-11-17,2.99
2017-11-20,2.996
2017-11-21,3.046
2017-11-22,3.067
2017-11-23,2.991
2017-11-24,2.99
2017-11-27,2.966
2017-11-28,2.896
2017-11-29,2.89
2017-11-30,2.858
2017-12-01,2.838
2017-12-04,2.858
2017-12-05,2.908
2017-12-06,2.871
2017-12-07,2.844
2017-12-08,2.865
2017-12-11,2.898
2017-12-12,2.846
2017-12-13,2.87
2017-12-14,2.85
2017-12-15,2.816
2017-12-18,2.828
2017-12-19,2.87
2017-12-20,2.876
2017-12-21,2.893
2017-12-22,2.878
2017-12-25,2.876
2017-12-26,2.893
2017-12-27,2.834
2017-12-28,2.855
2017-12-29,2.858
2018-01-02,2.907
2018-01-03,2.912
2018-01-04,2.919
2018-01-05,2.933
2018-01-08,2.944
2018-01-09,2.97
2018-01-10,2.994
2018-01-11,2.991
2018-01-12,3.018
2018-01-15,3.043
2018-01-16,3.064
2018-01-17,3.071
2018-01-18,3.106
2018-01-19,3.113
2018-01-22,3.129
2018-01-23,3.173
2018-01-24,3.172
2018-01-25,3.15
2018-01-26,3.171
2018-01-29,3.114
2018-01-30,3.075
2018-01-31,3.113
2018-02-01,3.134
2018-02-02,3.145
2018-02-05,3.18
2018-02-06,3.11
2018-02-07,3.023
2018-02-08,2.939
2018-02-09,2.803
2018-02-12,2.8
2018-02-13,2.848
2018-02-14,2.866
2018-02-22,2.925
2018-02-23,2.955
2018-02-26,2.965
2018-02-27,2.92
2018-02-28,2.871
2018-03-01,2.884
2018-03-02,2.856
2018-03-05,2.855
2018-03-06,2.888
2018-03-07,2.871
2018-03-08,2.893
2018-03-09,2.903
2018-03-12,2.905
2018-03-13,2.873
2018-03-14,2.863
2018-03-15,2.89
2018-03-16,2.862
2018-03-19,2.892
2018-03-20,2.895
2018-03-21,2.884
2018-03-22,2.857
2018-03-23,2.781
2018-03-26,2.734
2018-03-27,2.739
2018-03-28,2.688
2018-03-29,2.734
2018-03-30,2.713
2018-04-02,2.702
2018-04-03,2.693
2018-04-04,2.694
2018-04-09,2.711
2018-04-10,2.775
2018-04-11,2.775
2018-04-12,2.742
2018-04-13,2.717
2018-04-16,2.655
2018-04-17,2.626
2018-04-18,2.643
2018-04-19,2.676
2018-04-20,2.637
2018-04-23,2.658
2018-04-24,2.718
2018-04-25,2.693
2018-04-26,2.655
2018-04-27,2.642
2018-05-02,2.646
2018-05-03,2.654
2018-05-04,2.634
2018-05-07,2.674
2018-05-08,2.714
2018-05-09,2.711
2018-05-10,2.723
2018-05-11,2.716
2018-05-14,2.745
2018-05-15,2.74
2018-05-16,2.705
2018-05-17,2.689
2018-05-18,2.733
2018-05-21,2.736
2018-05-22,2.717
2018-05-23,2.672
2018-05-24,2.655
2018-05-25,2.654
2018-05-28,2.668
2018-05-29,2.655
2018-05-30,2.601
2018-05-31,2.651
2018-06-01,2.643
2018-06-04,2.686
2018-06-05,2.696
2018-06-06,2.686
2018-06-07,2.694
2018-06-08,2.652
2018-06-11,2.663
2018-06-12,2.688
2018-06-13,2.672
2018-06-14,2.675
2018-06-15,2.678
2018-06-19,2.612
2018-06-20,2.61
2018-06-21,2.592
2018-06-22,2.598
2018-06-25,2.548
2018-06-26,2.52
2018-06-27,2.465
2018-06-28,2.441
2018-06-29,2.495
2018-07-02,2.402
2018-07-03,2.41
2018-07-04,2.39
2018-07-05,2.391
2018-07-06,2.425
2018-07-09,2.496
2018-07-10,2.493
2018-07-11,2.454
2018-07-12,2.505
2018-07-13,2.509
2018-07-16,2.49
2018-07-17,2.475
2018-07-18,2.463
2018-07-19,2.474
2018-07-20,2.54
2018-07-23,2.569
2018-07-24,2.61
2018-07-25,2.609
2018-07-26,2.575
2018-07-27,2.575
2018-07-30,2.587
2018-07-31,2.595
2018-08-01,2.537
2018-08-02,2.484
2018-08-03,2.457
2018-08-06,2.455
2018-08-07,2.53
2018-08-08,2.494
2018-08-09,2.551
2018-08-10,2.551
2018-08-13,2.526
2018-08-14,2.518
2018-08-15,2.454
2018-08-16,2.453
2018-08-17,2.42
2018-08-20,2.458
2018-08-21,2.496
2018-08-22,2.499
2018-08-23,2.509
2018-08-24,2.523
2018-08-27,2.571
2018-08-28,2.56
2018-08-29,2.553
2018-08-30,2.533
2018-08-31,2.521
2018-09-03,2.512
2018-09-04,2.55
2018-09-05,2.487
2018-09-06,2.466
2018-09-07,2.491
2018-09-10,2.466
2018-09-11,2.449
2018-09-12,2.432
2018-09-13,2.466
2018-09-14,2.475
2018-09-17,2.452
2018-09-18,2.513
2018-09-19,2.538
2018-09-20,2.541
2018-09-21,2.632
2018-09-25,2.6
2018-09-26,2.638
2018-09-27,2.628
2018-09-28,2.659
2018-10-08,2.533
2018-10-09,2.545
2018-10-10,2.545
2018-10-11,2.439
2018-10-12,2.494
2018-10-15,2.463
2018-10-16,2.467
2018-10-17,2.477
2018-10-18,2.419
2018-10-19,2.491
2018-10-22,2.599
2018-10-23,2.511
2018-10-24,2.525
2018-10-25,2.531
2018-10-26,2.516
2018-10-29,2.431
2018-10-30,2.463
2018-10-31,2.496
2018-11-01,2.507
2018-11-02,2.594
2018-11-05,2.558
2018-11-06,2.546
2018-11-07,2.528
2018-11-08,2.537
2018-11-09,2.48
2018-11-12,2.49
2018-11-13,2.509
2018-11-14,2.475
2018-11-15,2.505
2018-11-16,2.507
2018-11-19,2.54
2018-11-20,2.498
2018-11-21,2.497
2018-11-22,2.483
2018-11-23,2.442
2018-11-26,2.45
2018-11-27,2.439
2018-11-28,2.466
2018-11-29,2.453
2018-11-30,2.474
2018-12-03,2.482
2018-12-04,2.49
2018-12-05,2.479
2018-12-06,2.433
2018-12-07,2.425
2018-12-10,2.408
2018-12-11,2.413
2018-12-12,2.419
2018-12-13,2.453
2018-12-14,2.423
2018-12-17,2.42
2018-12-18,2.391
2018-12-19,2.365
2018-12-20,2.331
2018-12-21,2.302
2018-12-24,2.304
2018-12-25,2.292
2018-12-26,2.275
2018-12-27,2.275
2018-12-28,2.286
2019-01-02,2.255
2019-01-03,2.261
2019-01-04,2.31
2019-01-07,2.307
2019-01-08,2.3
2019-01-09,2.325
2019-01-10,2.328
2019-01-11,2.347
2019-01-14,2.325
2019-01-15,2.37
2019-01-16,2.374
2019-01-17,2.365
2019-01-18,2.409
2019-01-21,2.424
2019-01-22,2.396
2019-01-23,2.392
2019-01-24,2.403
2019-01-25,2.433
2019-01-28,2.43
2019-01-29,2.448
2019-01-30,2.437
2019-01-31,2.474
2019-02-01,2.492
2019-02-11,2.516
2019-02-12,2.524
2019-02-13,2.571
2019-02-14,2.567
2019-02-15,2.511
2019-02-18,2.571
2019-02-19,2.567
2019-02-20,2.577
2019-02-21,2.566
2019-02-22,2.618
2019-02-25,2.816
2019-02-26,2.728
2019-02-27,2.736
2019-02-28,2.736
2019-03-01,2.802
2019-03-04,2.815
2019-03-05,2.813
2019-03-06,2.82
2019-03-07,2.773
2019-03-08,2.675
2019-03-11,2.69
2019-03-12,2.701
2019-03-13,2.706
2019-03-14,2.71
2019-03-15,2.74
2019-03-18,2.812
2019-03-19,2.79
2019-03-20,2.794
2019-03-21,2.784
2019-03-22,2.777
2019-03-25,2.702
2019-03-26,2.692
2019-03-27,2.723
2019-03-28,2.718
2019-03-29,2.819
2019-04-01,2.874
2019-04-02,2.872
2019-04-03,2.901
2019-04-04,2.939
2019-04-08,2.943
2019-04-09,2.949
2019-04-10,2.964
2019-04-11,2.912
2019-04-12,2.906
2019-04-15,2.906
2019-04-16,3.008
2019-04-17,2.997
2019-04-18,2.987
2019-04-19,3.024
2019-04-22,2.958
2019-04-23,2.963
2019-04-24,2.958
2019-04-25,2.913
2019-04-26,2.88
2019-04-29,2.921
2019-04-30,2.928
2019-05-06,2.787
2019-05-07,2.79
2019-05-08,2.745
2019-05-09,2.686
2019-05-10,2.777
2019-05-13,2.725
2019-05-14,2.708
2019-05-15,2.765
2019-05-16,2.774
2019-05-17,2.723
2019-05-20,2.699
2019-05-21,2.722
2019-05-22,2.709
2019-05-23,2.677
2019-05-24,2.691
2019-05-27,2.714
2019-05-28,2.733
2019-05-29,2.748
2019-05-30,2.737
2019-05-31,2.728
2019-06-03,2.74
2019-06-04,2.722
2019-06-05,2.718
2019-06-06,2.704
2019-06-10,2.739
2019-06-11,2.814
2019-06-12,2.802
2019-06-13,2.796
2019-06-14,2.79
2019-06-17,2.799
2019-06-18,2.81
2019-06-19,2.856
2019-06-20,2.954
2019-06-21,2.953
2019-06-24,2.959
2019-06-25,2.919
2019-06-26,2.916
2019-06-27,2.955
2019-06-28,2.952
2019-07-01,3.02
2019-07-02,3.016
2019-07-03,2.987
2019-07-04,2.976
2019-07-05,2.987
2019-07-08,2.924
2019-07-09,2.914
2019-07-10,2.912
2019-07-11,2.922
2019-07-12,2.943
2019-07-15,2.942
2019-07-16,2.925
2019-07-17,2.916
2019-07-18,2.905
2019-07-19,2.94
2019-07-22,2.922
2019-07-23,2.923
2019-07-24,2.952
2019-07-25,2.977
2019-07-26,2.982
2019-07-29,2.978
2019-07-30,2.988
2019-07-31,2.96
2019-08-01,2.935
2019-08-02,2.89
2019-08-05,2.835
2019-08-06,2.805
2019-08-07,2.791
2019-08-08,2.831
2019-08-09,2.82
2019-08-12,2.869
2019-08-13,2.84
2019-08-14,2.849
2019-08-15,2.858
2019-08-16,2.87
2019-08-19,2.927
2019-08-20,2.921
2019-08-21,2.919
2019-08-22,2.923
2019-08-23,2.963
2019-08-26,2.914
2019-08-27,2.934
2019-08-28,2.912
2019-08-29,2.901
2019-08-30,2.916
2019-09-02,2.94
2019-09-03,2.939
2019-09-04,2.973
2019-09-05,3.004
2019-09-06,3.037
2019-09-09,3.032
2019-09-10,3.021
2019-09-11,3.007
2019-09-12,3.047
2019-09-16,3.034
2019-09-17,2.987
2019-09-18,3.003
2019-09-19,3.007
2019-09-20,3.013
2019-09-23,2.981
2019-09-24,2.987
2019-09-25,2.977
2019-09-26,2.978
2019-09-27,2.978
2019-09-30,2.945
2019-10-08,2.968
2019-10-09,2.971
2019-10-10,2.987
2019-10-11,3.032
2019-10-14,3.061
2019-10-15,3.062
2019-10-16,3.051
2019-10-17,3.059
2019-10-18,3.014
2019-10-21,3.016
2019-10-22,3.019
2019-10-23,3.0
2019-10-24,3.008
2019-10-25,3.014
2019-10-28,3.028
2019-10-29,3.016
2019-10-30,2.999
2019-10-31,3.003
2019-11-01,3.052
2019-11-04,3.069
2019-11-05,3.086
2019-11-06,3.079
2019-11-07,3.079
2019-11-08,3.06
2019-11-11,3.013
2019-11-12,3.017
2019-11-13,3.015
2019-11-14,3.013
2019-11-15,3.003
2019-11-18,3.027
2019-11-19,3.046
2019-11-20,3.013
2019-11-21,2.995
2019-11-22,2.967
2019-11-25,2.994
2019-11-26,2.993
2019-11-27,2.988
2019-11-28,2.978
2019-11-29,2.938
2019-12-02,2.897
2019-12-03,2.907
2019-12-04,2.901
2019-12-05,2.919
2019-12-06,2.936
2019-12-09,2.931
2019-12-10,2.933
2019-12-11,2.947
2019-12-12,2.937
2019-12-13,3.0
2019-12-16,2.993
2019-12-17,3.025
2019-12-18,3.017
2019-12-19,3.01
2019-12-20,3.005
2019-12-23,2.979
2019-12-24,2.988
2019-12-25,2.98
2019-12-26,3.002
2019-12-27,3.009
2019-12-30,3.051
2019-12-31,3.058
2020-01-02,3.081
2020-01-03,3.068
2020-01-06,3.05
2020-01-07,3.062
2020-01-08,3.033
2020-01-09,3.057
2020-01-10,3.061
2020-01-13,3.08
2020-01-14,3.076
2020-01-15,3.046
2020-01-16,3.036
2020-01-17,3.042
2020-01-20,3.058
2020-01-21,3.007
2020-01-22,3.006
2020-01-23,2.925
2020-02-03,2.707
2020-02-04,2.785
2020-02-05,2.801
2020-02-06,2.842
2020-02-07,2.841
2020-02-10,2.839
2020-02-11,2.87
2020-02-12,2.883
2020-02-13,2.869
2020-02-14,2.885
2020-02-17,2.939
2020-02-18,2.913
2020-02-19,2.913
2020-02-20,2.967
2020-02-21,2.958
2020-02-24,2.924
2020-02-25,2.899
2020-02-26,2.894
2020-02-27,2.898
2020-02-28,2.814
2020-03-02,2.899
2020-03-03,2.907
2020-03-04,2.939
2020-03-05,3.004
2020-03-06,2.951
2020-03-09,2.861
2020-03-10,2.911
2020-03-11,2.874
2020-03-12,2.836
2020-03-13,2.796
2020-03-16,2.687
2020-03-17,2.675
2020-03-18,2.618
2020-03-19,2.564
2020-03-20,2.624
2020-03-23,2.553
2020-03-24,2.627
2020-03-25,2.687
2020-03-26,2.677
2020-03-27,2.692
2020-03-30,2.68
2020-03-31,2.675
2020-04-01,2.671
2020-04-02,2.706
2020-04-03,2.694
2020-04-07,2.743
2020-04-08,2.73
2020-04-09,2.739
2020-04-10,2.738
2020-04-13,2.726
2020-04-14,2.771
2020-04-15,2.751
2020-04-16,2.753
2020-04-17,2.793
2020-04-20,2.803
2020-04-21,2.771
2020-04-22,2.79
2020-04-23,2.787
2020-04-24,2.765
2020-04-27,2.79
2020-04-28,2.81
2020-04-29,2.829
2020-04-30,2.852
2020-05-06,2.848
2020-05-07,2.843
2020-05-08,2.863
2020-05-11,2.863
2020-05-12,2.86
2020-05-13,2.86
2020-05-14,2.831
2020-05-15,2.812
2020-05-18,2.833
2020-05-19,2.852
2020-05-20,2.849
2020-05-21,2.838
2020-05-22,2.768
2020-05-25,2.78
2020-05-26,2.802
2020-05-27,2.792
2020-05-28,2.801
2020-05-29,2.802
2020-06-01,2.864
2020-06-02,2.879
2020-06-03,2.884
2020-06-04,2.878
2020-06-05,2.892
2020-06-08,2.905
2020-06-09,2.923
2020-06-10,2.908
2020-06-11,2.878
2020-06-12,2.891
2020-06-15,2.847
2020-06-16,2.877
2020-06-17,2.881
2020-06-18,2.895
2020-06-19,2.927
2020-06-22,2.924
2020-06-23,2.93
2020-06-24,2.958
2020-06-29,2.937
2020-06-30,2.956
2020-07-01,3.027
2020-07-02,3.103
2020-07-03,3.187
2020-07-06,3.469
2020-07-07,3.402
2020-07-08,3.447
2020-07-09,3.459
2020-07-10,3.373
2020-07-13,3.416
2020-07-14,3.38
2020-07-15,3.35
2020-07-16,3.206
2020-07-17,3.229
2020-07-20,3.331
2020-07-21,3.329
2020-07-22,3.334
2020-07-23,3.331
2020-07-24,3.2
2020-07-27,3.211
2020-07-28,3.231
2020-07-29,3.291
2020-07-30,3.277
2020-07-31,3.295
2020-08-03,3.328
2020-08-04,3.359
2020-08-05,3.336
2020-08-06,3.338
2020-08-07,3.308
2020-08-10,3.333
2020-08-11,3.307
2020-08-12,3.297
2020-08-13,3.286
2020-08-14,3.343
2020-08-17,3.418
2020-08-18,3.413
2020-08-19,3.351
2020-08-20,3.312
2020-08-21,3.336
2020-08-24,3.346
2020-08-25,3.359
2020-08-26,3.323
2020-08-27,3.342
2020-08-28,3.424
2020-08-31,3.395
2020-09-01,3.404
2020-09-02,3.395
2020-09-03,3.387
2020-09-04,3.356
2020-09-07,3.301
2020-09-08,3.336
2020-09-09,3.285
2020-09-10,3.296
2020-09-11,3.313
2020-09-14,3.341
2020-09-15,3.367
2020-09-16,3.346
2020-09-17,3.314
2020-09-18,3.406
2020-09-21,3.362
2020-09-22,3.322
2020-09-23,3.325
2020-09-24,3.271
2020-09-25,3.282
2020-09-28,3.302
2020-09-29,3.295
2020-09-30,3.281
2020-10-09,3.337
2020-10-12,3.442
2020-10-13,3.437
2020-10-14,3.424
2020-10-15,3.425
2020-10-16,3.432
2020-10-19,3.409
2020-10-20,3.412
2020-10-21,3.433
2020-10-22,3.42
2020-10-23,3.408
2020-10-26,3.354
2020-10-27,3.346
2020-10-28,3.364
2020-10-29,3.383
2020-10-30,3.329
2020-11-02,3.317
2020-11-03,3.355
2020-11-04,3.38
2020-11-05,3.418
2020-11-06,3.408
2020-11-09,3.468
2020-11-10,3.466
2020-11-11,3.464
2020-11-12,3.447
2020-11-13,3.388
2020-11-16,3.429
2020-11-17,3.43
2020-11-18,3.435
2020-11-19,3.46
2020-11-20,3.465
2020-11-23,3.521
2020-11-24,3.493
2020-11-25,3.468
2020-11-26,3.497
2020-11-27,3.557
2020-11-30,3.473
2020-12-01,3.557
2020-12-02,3.545
2020-12-03,3.538
2020-12-04,3.543
2020-12-07,3.511
2020-12-08,3.499
2020-12-09,3.47
2020-12-10,3.456
2020-12-11,3.429
2020-12-14,3.461
2020-12-15,3.464
2020-12-16,3.482
2020-12-17,3.537
2020-12-18,3.505
2020-12-21,3.513
2020-12-22,3.464
2020-12-23,3.491
2020-12-24,3.485
2020-12-25,3.509
2020-12-28,3.519
2020-12-29,3.512
2020-12-30,3.563
2020-12-31,3.634
2021-01-04,3.632
2021-01-05,3.671
2021-01-06,3.726
2021-01-07,3.803
2021-01-08,3.782
2021-01-11,3.765
2021-01-12,3.899
2021-01-13,3.862
2021-01-14,3.802
2021-01-15,3.805
2021-01-18,3.837
2021-01-19,3.797
2021-01-20,3.8
2021-01-21,3.84
2021-01-22,3.833
2021-01-25,3.89
2021-01-26,3.8
2021-01-27,3.806
2021-01-28,3.731
2021-01-29,3.704
2021-02-01,3.731
2021-02-02,3.752
2021-02-03,3.764
2021-02-04,3.787
2021-02-05,3.834
2021-02-08,3.875
2021-02-09,3.939
2021-02-10,4.012
2021-02-18,4.007
2021-02-19,3.998
2021-02-22,3.873
2021-02-23,3.886
2021-02-24,3.788
2021-02-25,3.843
2021-02-26,3.743
2021-03-01,3.773
2021-03-02,3.707
2021-03-03,3.804
2021-03-04,3.698
2021-03-05,3.678
2021-03-08,3.561
2021-03-09,3.505
2021-03-10,3.523
2021-03-11,3.614
2021-03-12,3.617
2021-03-15,3.558
2021-03-16,3.582
2021-03-17,3.576
2021-03-18,3.591
2021-03-19,3.496
2021-03-22,3.523
2021-03-23,3.504
2021-03-24,3.454
2021-03-25,3.452
2021-03-26,3.514
2021-03-29,3.521
2021-03-30,3.561
2021-03-31,3.527
2021-04-01,3.567
2021-04-02,3.601
2021-04-06,3.578
2021-04-07,3.542
2021-04-08,3.558
2021-04-09,3.506
2021-04-12,3.468
2021-04-13,3.45
2021-04-14,3.456
2021-04-15,3.419
2021-04-16,3.434
2021-04-19,3.5
2021-04-20,3.492
2021-04-21,3.498
2021-04-22,3.481
2021-04-23,3.514
2021-04-26,3.458
2021-04-27,3.466
2021-04-28,3.467
2021-04-29,3.513
2021-04-30,3.482
2021-05-06,3.444
2021-05-07,3.399
2021-05-10,3.399
2021-05-11,3.429
2021-05-12,3.442
2021-05-13,3.407
2021-05-14,3.498
2021-05-17,3.53
2021-05-18,3.528
2021-05-19,3.504
2021-05-20,3.516
2021-05-21,3.475
2021-05-24,3.489
2021-05-25,3.635
2021-05-26,3.648
2021-05-27,3.658
2021-05-28,3.651
2021-05-31,3.639
2021-06-01,3.64
2021-06-02,3.613
2021-06-03,3.584
2021-06-04,3.601
2021-06-07,3.593
2021-06-08,3.572
2021-06-09,3.582
2021-06-10,3.601
2021-06-11,3.571
2021-06-15,3.522
2021-06-16,3.486
2021-06-17,3.479
2021-06-18,3.455
2021-06-21,3.435
2021-06-22,3.464
2021-06-23,3.469
2021-06-24,3.488
2021-06-25,3.541
2021-06-28,3.527
2021-06-29,3.497
2021-06-30,3.515
2021-07-01,3.548
2021-07-02,3.423
2021-07-05,3.42
2021-07-06,3.431
2021-07-07,3.442
2021-07-08,3.395
2021-07-09,3.382
2021-07-12,3.41
2021-07-13,3.421
2021-07-14,3.368
2021-07-15,3.44
2021-07-16,3.403
2021-07-19,3.416
2021-07-20,3.408
2021-07-21,3.421
2021-07-22,3.425
2021-07-23,3.388
2021-07-26,3.259
